label,tweet
happy,Ini adalah hal yang paling membahagiakan saat biasku foto bersama ELF #ReturnOfTheLittlePrince #HappyHeeChulDay
anger,"[USERNAME] [USERNAME] Dari pertama [USERNAME] menduduki bangku jabatan anda, rakyat belum pernah mendengar dan melihat hasil kerja dan prestasi nyata yang anda berikan semasa menduduki bangku jabatan.Coba tanya Kenapa [USERNAME] ? Abdi rakyat butuh seoran"
fear,"yaudah kalo emang belum berani potong rambut pendek ya nanti"" aja kalo emang udah yakin dan bisa nyaman  Selamat beristirahat, jangan lupa berdoa Tidur yg nyenyak & mimpi yg indah Good night cit "
fear,"Jadi semalam, gw rekap, eh intinya yg gw usahain kerja ternyata zero samsek.. Presentasi jam 16.00, ku baru grasak grusuk jam 13.23. Jiaaaaaaann"
anger,"temen2 masa kecil yang turned out being asshole itu kalo cewe jadi ukhti2 hijrah kalo cowo jadi abdi negara, rasanya semua statement ku di sosmed pasti yang menyangkal orang2 kek gitu, parahnya lagi kalo mereka pacaran bangsat"
sadness,"Terkadang apa yang kau dapati dan miliki saat ini, ada orang lain yang menginginkanya juga. Apapun itu. Karena gak semua beban bisa di tanggung oleh seorang gantleman. Dialog Dini Hari."
fear,"TAMSIL ISLAM NUSANTARA. Karena kau cuma tiang yang dipancang tergesa-gesa kemarin sore dan pangkalmu cuma dangkal-dangkal saja ditanam, maka engkau jadi takut setengah mati pada angin. Bahkan semilir yang segar pun kau caci dan kau kutuki."
anger,"[USERNAME] Skrg gini saja. Sy balik pertanyaannya. Bolehkah kah sy yg bukan Mahasiswa UMI ikut masuk ruang Kuliah dan mengerjakan Tugas Kuliah sprt Mhs lainnya? Bukan persoalan Ada larangan atau tidak. Tapi apa Gunanya Saya ikut Perkuliahan, kalo Saya n"
love,"Kalo kamuuuuuu, kamuu itu specialll. Cintanya juga ga kalah kok sama yang lain. Karena sebenernya bagi aku kalian itu satu. Jadi, cinta satu cinta semua. [URL]"
happy,Kasarnya dia bilang kalo pake lg dengerin musik yg kluar slalu musiknya Shinhwa. Bikin pengen joget wkwk xD. Itu namanya autoreaction sih xD [URL]
sadness,[USERNAME] Gua kelas 1sd bawa hp karna buat hubungin mama. Tau tau dicolong temen. Gua diem aja bego emg. Bibi kantin ngabarin nyokap gua dan lgsg datang lah mama trs bapanya minta maaf. Eh beberapa hari kemudian anaknya pindah sklh. Ya
love,"[USERNAME] ""Cinta tak butuh pengorbanan. Pada saat kau merasa berkorban, pada saat itu cintamu mulai pudar."" Ini wejangan dari mbah [USERNAME]"
love,Romantis itu MANIS lebih manis lagi kalo dilakuin orang tg kita SAYANG. Semua bakal terasa seneng dan berbunga bunga wkwk. Seperti ada ribuan kupu kupu terbang yg ada dii perut kalo lagi ada yg ngeromantisin gitu.
fear,tapi ngeri sih ya emang akun gede dengan followers ribuan tuh kalo ngetweet yg jelek atau salah dikit yg hujat langsung banyak AKU TAKUT KALIAN UNFOLLOW AKU AJA PLEASE
sadness,Kapan bandara [USERNAME] 1 di Ambon ada perbaikan dan mungkin renofasi. Melihat ada banyak perkembangan bandara di daerah lain rasanya sudah amat ketinggalan sebagai bandara internasional . [URL]
love,pantesan ada notif di FB. hari ini 4 thn yg lalu video ini bikin gw makin yakin jatuh cinta pada pandangan pertama sama doi an awal adekgemas fever melanda
happy,"Jadi sejauh ini, udah ada 6 barang yang ku beli hasil flash salenya bukalapak. OMG dari harga yang Ratusan Ribu yang bahkan aku sbg sahabat misqin tak mampu beli, sekarang kebeli semua wkwkwkwk. Dan masih ada flash sale jam 6 sore, jam 8 malam dan jam 12 malam"
love,"Semoga sehat selalu, dan yg terpenting selalu sayang dan cinta ama [USERNAME], walaupun gw itu followers baru tp kita bisa saling kenal krn kita keluarga we are family I love you"
anger,si gendut kalau saya yang suruh ogah jalan! dasar kebo!
fear,"gue yg dulu bingung knp org bisa trauma berkepanjangan skrg baru sadar setelah ngerasain sendiri, kita ga speak up kdg krn takut dibilang lebay lah boong lah bla bla. ngatasin traumanya aja udh susah tmbh lg di judge org lain jd mending diem."
anger,[USERNAME] [USERNAME] gk perlu mnta maap juga kalik.. beda perspektif mah wajar.. yg lebay mah ngapus twit neg bkn bela simic jg tp slama vv gk lapor pulisi bhwa dia udh jadi korban pelecehan mah itu msh tetep urusan private mreka bdua di DM gmn awa
sadness,"[USERNAME] iPhone 7 plus, tiba tiba restart sendiri, trus kadang kadang bootloop ga masuk ke system , dimatikan agak lama, baru kadang bisa masuk system. kenapa bruh"
sadness,"Wah gila sih, ini lokasinya mirip2 selly oal & dixy, persis pula di pengkolan jalan. Sayang dulu ga ada mas2 british kaya gini. Klo ada, mgkn w seringnya nongkrong di dixy bukan di perpus"
anger,"Ngurusin neraka orang, sampai bikin hastag #CalonPenghuniNeraka, sedangkan sholatlu masih bolong bolong, Al Qur'an mu masih tersimpan rapi di almari, dan uangmu masih belum berkurang untuk sedekah, pikir dong!!!"
happy,"Sama kayak bahagia. Mau gimanapun persepsi orang tentang bahagia, kalau bahagiamu memang beda dari persepsi orang2, itu tetap bahagia kamu. Orang lain gak ngerasain, tapi kamu yg ngerasain ttg bahagia kamu."
anger,"DPRRI pemegang amanah rakyat tetapi selalu membalikan telapak tangan, Dewan yg membuat aturan dan Dewan pula yg melanggar aturan, segelintir Dewan mencoreng amanah rakyat dgn melakukan korupsi, jls bersalah dan selalu berkelit menutupi kesalahan dgn bersandiwara"
anger,Belajar jadi oposisi dimana partai ini... kok nyinyir dan provokatif sekali. Ini tanda juga tidak mampu jadi oposisi yg baik. [URL]
sadness,"berita Via Vallen dapet DM dari pemain sepak bola yang terkesan ""menggoda"" atau sexual harassment, liat komennya pada bilang lebay dan gak harus di publish karena hal kek gitu ""biasa aja"" dan parahnya yang nyinyir perempuan juga :') miris"
sadness,"Abis jengukin temen yg sakit parah. Terus terenyuh sama kata2nya, ""saya ga takut sama penyakit saya, saya cuma takut ramadhan saya ga dapet berkah"" Ya Allah  Mohon doa, buat kesembuhan temen kantor saya, Tb adriana Pramudya bin tb dasep. [URL]"
sadness,"[USERNAME] Masalahnya banyak bgt sih yg gamau belajar dari sejarah. Padahal sejarah dunia ya gitu2 aja, muter2 disitu. Tapi gue lebih miris sama org yg masih menganggap Saudi dan US adalah dua kubu yg bersebrangan"
fear,Liat temen-temen udah pada kewong aja . Ngeri juga kalau w mikirin sampe kapan ya w kewong dengernya itu loh . Masalahnya w belum kepikiran masih takut
sadness,Ya nasib 3 thn eh 4 thn sudah nggak lebaran di rumah plus lebaran ini sepertinya begitu....padahal bayangannya tahun ini lebaran dirumah nyatanya lebaran dikantor (lagi #nasib #alhamdulillah
happy,SUNDA KELAPA Alhamdulillah abis tarawih di Masjid Agung Sunda Kelapa. Nikmat sekali. 23 rekaat tapi nikmat karena bacaan imamnya mantap. Ini masjid persembahan Gubernur Ali Sadinin utk masyarakat Jakarta. Yuk coba tarawih di sini Pak Gub [USERNAME] dan Pak Wagub [USERNAME] [URL]
anger,"Efek pintu tol slipi arah semanggi ditutup, macet parah di sini. Pak polisi bukan ngatur malah jagain jalur busway [USERNAME] [USERNAME] [USERNAME] [URL]"
anger,"[USERNAME] [USERNAME] Setuju bang yg beginian bikin hidupnya gk tenang aj ya,gk mikirin yg lain ky gmn nyari orderan pengen enak sendiri aj jadinya ,gw aj gedeg bener yg bikin opik begituan"
happy,Para raja dan sultan yang tergabung dalam Forum Silaturrahmi Kraton Nusantara merasa bangga dan terharu mendapat undangan dari Presiden [USERNAME] ke Istana. Menurut mereka Presiden benar2 memperhatikan budaya Nusantara [URL]
sadness,cewek-cewek lain kalo bikin instastory suaranya pada cakep bgttt alus gitu ye kan. kalah manisnya gula mah. lah w dengerin suara sendiri aja kek tikus kejepit:( annoying bgt suara qu wkwkwk
fear,"[USERNAME] Yess aku terlalu pemilih dan kriteriaku suka ketinggian gitu, terlebih lagi aku bosenan, takut aja gitu pas udah nikah tau tau bosen :("
happy,"Buat saya, apa yang dilakukan Via Valen simbol perlawanan yang perlu didukung, apapun profesinya wanita tetap harus dihormati dan dihargai [URL]"
anger,"SEBAB MUNDUR ADALAH SEBUAH PENGHIANATAN, DIBELAKANG PAGAR TRIBUN KAMI TERUS BERSUARA UNTUK BANGKITKAN SEMANGAT PEMAIN DILAPANGAN! INI SUARA KAMI."
sadness,"Sebagai manusia yang punya phobia tempat sempit dan sesak, liat penyelamatan anak anak yang terjebak di dalam gua di Thailand, cm bs berdoa, merinding, pengen nangis :"") bergidik liat medannya. #ThaiCaveRescue"
sadness,[USERNAME] @ bapak presiden yang terhormat.mohon bantuan jalan kami di kota pasuruandan kabupaten pasuruan rusak parah. Mohon bantuan bapak presiden untuk meninjau jalan kota pasuruan dan kabupaten pasuruan jawa timur. Rakyat tersiksa dengan jalan yang rusak
love,"[Satu menit kemudian] Ternyata bukan dari satu menit yg lalu, tapi sejak dua hari yang lalu gw udah jatuh cinta sama lu... Salah sapa coba?"
fear,"Kemarin habis sulam alis 6D, dan hari ini terlihat masih ketebalan kaya sincan karna hasil lukanya mengering. Biasanya peel off setelah 7 hari ntar hasilnya kaya bulu alis alami. Semoga ye, gak sia-sia wa nahan sakit sama jauh-jauh ke kelapa gading... [URL]"
sadness,Kppn punya akun fb? Ig? Twitter? Apa yg boleh dipost kppn dan apa yg enggak? Apa yg bisa diketahui umum apa yg enggak? Apa kami sempet update medsos kantor sdgkan medsos kami jg susah cari konten. (dyaar)
sadness,"Selamat jalan adik kami, Semua yang hidup pasti akan meninggal, dan kembali kepada Allah inna lillahi wa inna ilahirojiun"
anger,"anjiir via vallen digituin sm nih org dan dia casually cm blg ""are u angry"" hmm emang hal kaya gitu sebiasa itu sih buat orang luar terutama asal negara2 eropa"
sadness,"[USERNAME] intinya mah lakukan perubahan di dunia nyata aja apapun hasilnya, daripada cuma sampaikan opini di socmed yang seringnya malah nimbulin pro kontra tanpa merubah keadaan yg ada"
anger,"Jahat banget mbaknya,semoga mbaknya nggak jadi korban sexual harrasment juga yaa mbak biar ngga ngerasain gmana rasanya di lecehkan. Wah kesel bacanya pengen bilang tolol ke si mbaknya :( [URL]"
anger,#ILCBPIP satu lagi travel meler katanya anti asing tp sok2 bicara pake gaya asing....mulut bau....lalu Ko bikin apa Pak Kiyai???? [URL]
anger,"Menurut penelitian ku 'orang yg paling susah di nasehatin adalah org yg JATUH CINTA uda dibilangin masih ajaaaa ngomong dia ga gitu, ga gini' harus ekstra sabar."
fear,"terus tadi ada orang dari dinas ngambil sampel air katanya keluar hasilnya minggu depan,,, aku jadi agak takut kalo mengetahui fakta ada binatang apa yg hidup di air tersebut,,,"
anger,"Bisa gak sih situ sekali aja mikir sendiri kalo mau ngerjain tugas, gausah sok""nanya (liat dong punyamu buat acuan aja, aku mau ngerjain nih nanti tapi bingung), tolong ya karena situ udah keseringan kayak gitu, jadi ku pasti tau dari awal itu cuman alibi "
happy,Setelah #RecehkanTwitter muncul #OldMoneyGakNgerasain nah sekarang lagi rame #AksiBelaVia ku merasa sangat uptudate dan bersyukur. Anti uninstall twitter twitter club.
love,"Ketika ditanya alasan mengapa aku mencintai dia, aku tak pernah bisa menjawab. Aku digerakkan oleh cinta tuk mencintai dia, bukan aku yang menggerakkan cinta. Cintalah yang menyatukan aku dan dia, bukan aku yang menyatukan cinta dengan dirinya."
sadness,"Sebenernya sy miris jg, siapa org yg mengakulturasikan gaya dan faham casual di kalangan supporter Bandung, seiiringnya waktu berjalan, lalu timbul lah beberapa organisasi yg mengatasnamakan Casual."
love,"cinta mulai menutup logikaku dan meniupkan sukmanya ke dalam hatiku. Sehingga apapun yang kamu lakukan adalah sempurna bagiku, sampai aku tidak menemukan keganjilan dalam dirimu."
fear,"demi apapun baru aja ngalamin kejadian ini, pas gue balik ujian. siang2, lagi macet, tiba2 ada org gila ini teriak2 disamping gue jelas bgt omongannya kaya cerita dibawah ini. spot jantung gue, takut bgt sumpah"
anger,[USERNAME] hallo min kuota saya masih 9GB tp kok gak bisa dipakai? Katanya kuota saya udah habis. Ini gmn ya? Mohon bantuannya [URL]
love,"[USERNAME] [USERNAME] [USERNAME] [USERNAME] nek sinh mas drumer kui yo jelas cinta terindah no, kenangan tak terlupakan.. di mention wae cur.."
sadness,"[Obrolan dengan dospem 1 & 2 di grup WA menjelang besok sidang] Dos 1: Fir, latar belakangmu masih kurang kuat~_~ Dos 2: Menurut saya, latar belakang sudah cukup, hanya kurang kuat di 'Tujuan penulisan' Saya: Baik sensei saya revisi *habis itu revisi bab 1*"
sadness,"[USERNAME] [USERNAME] Sabar terus hehehee, engga mereka gatau kalau mereka tau aku udah diceramahin panjang lebar nanti disangka aku gak sayang Allah lah, dll:("
happy,"Tuhkan, apple tuh kalo kasih update ga tanggung - tanggung, hp yang paling jadul pun masih diberi update, ngga kaya android yang setelah setahun dua tahun udah ditinggalin :') [URL]"
love,rambutnya yang telah dan semakin memutih. Dan badannya serta lengannya tak lagi kuat untuk menjagamu dari bahaya. Papa telah menyelesaikan tugasnya.
anger,"Nggak ngerti lagi sama ciwi-ciwi yang nyinyirin Via Vallen ini,. Dia itu korban sexual harassment loh. Sesusah itukah untuk saling support satu sama lain gurlzz?"
love,"Sayang banget sama orang2 ini. Semoga selalu sehat dan bahagia, diberikan limpahan rezeki dan jodoh yg baik. See u in another trip my loves! [URL]"
happy,"Baru sehari, masih ada beberapa hari ke depan yg lebih padat tapi sangat menyenangkan. Wish me luck and healthy aja deh buat seminggu ke depan *fingers crossed*"
sadness,"RT [USERNAME] Dia suka mengopi, tapi tidak bersamamu. Dia suka jalan-jalan, tapi bukan jalan denganmu. Dia suka apa saja yang juga kau suka, tapi dia tidak menyukaimu.."
sadness,"[USERNAME] peng aku stalk akun twitternya juned dan memori SMA benar2 kyk otomatically re-play in my brain.... kangen kalian kangen [USERNAME] dan isinya, kangen ketawa ketiwi di kantin trs nongkrong di hums delima atau ke hums msg2 anggota buat mak"
anger,sini berobat sama saya ini ngantri dokter saja sudah kek mau ngantri sembako panjang bener~
anger,"Jadi wanita jangan suka menghancurkan hubungan orang. Jgn bangga berhasil merusak kebahagian orang. Silahkan saja, tapi ga berkah bahagianya nanti hehe."
love,HUAAAAA JUJUUUUDD SAYANG BANGET AIH!!! AKU HARAP JUGA JUJUD JUGA JANGAN PERNAH NINGGALIN KITA!
fear,"'Liv, jgn lupa ingetin gue ya kalo gue ngeluh mulu.' 'Liv, jgn lupa ingetin gue ya kalo positive vibe gue di dunia nyata dah mulai jarang' Apalagi ya"
love,AWW THANK YOU AININ SAYANG . AAMIIN MOGA MOGA DIPERMUDAHKAN I love you even more  hahahahhaa okey I'll change right now !!! Hehehehe thank yiu againss
sadness,"bukan maksud membela diri,semua punya kesalahan. mungkin soal kerjaan,pertemanan dll. tp disaat pembelaan yg saya lakuin itu nyata adanya kenapa...... sudahlah!"
love,Bagaiman kabar jantung mbak-mbak yg megangin micnya? Udah bertahun tahun dr jaman gua sma tapi masih aja ngena heran gua semudah ini gua makin jatuh cinta sama canyol.
anger,"Lagi ngoceh soal artis xx yg di follow masku..ya ngoceh dikit Temen kerja gue komentar ""haha kasian ya lu beli tiket mahal cuma salaman kaga di folbek"" I was like ""-_________-"" Pfftt Males ngobrol ama orang gblk emang"
happy,saking asiknya test organo gak sadar pabrik udah sepi dan kekunci di dalem untung aja masih ada sinyal buat ngabarin orang kantor~ udah gitu aja.
love,"aku sayang semua mutualku, maap kalo belum bisa jadi mutual yang baik buat kalian, luv #TeenChoice #ChoiceFandom #BTSARMY"
happy,"Beberapa orang tetap bisa menikmati hidup walaupun belum di pertemukan dengan pasangan karna ia memiliki sahabat dan banyak teman .. Dari orang2 terdekatnya, ia tak pernah merasa kekurangan kasih sayang"
anger,ih wowo saya pemaf kok tapi maaf saya pendendam tidak-ush minta akun kalau bwat di delcon picik otak lo!
happy,sore kak rica ^_^ sudah makan kan :d semangat terus ya kak :)
happy,"Diucapin Happy Birthday sama bapak, heran2 gua kan udah lewat 3 bulan lalu. Ternyata berdasarkan kalender Hijriyah, tepat hari ini, 20 Ramadhan 1414 H gua lahir. Ok, i accept that"
sadness,kamu apa kabar sayang
happy,"Keren!! Kira-kira masih ada nggak yg bilang Pak [USERNAME] anti-islam? 3,5 triliun, 142 hektar, jadi kampus rujukan Islam dunia sekelas Al-Azhar. Belum lagi proyek Ponpes, madrasah, Masjid dan fasilitas ummat lain. Kl ada yg masih bilang Beliau an"
sadness,"Akhir2 ini merasa sendiri terus. Iya sih, gaada yg bisa diharapin. Masing2 punya kehidupan dan kesibukannya masing2. Sekedar utk cerita aja susah. Sahabat memang susah nyarinya. Jadi bersyukurlah yang punya sahabat dikalan happy dan susah namun mereka selalu ada disisi kita"
sadness,"Kadang secapek itu juga buat nahan hati buat gak blaming diri sendiri dan ngatain diri ini super bodoh dan mental tempe,tahu,risol berasa gorengan yg ampas-ampas gitu. Tapi gak boleh karena gimanapun juga diri ini udah bekerja keras berusaha"
sadness,"Aku tidak membenco hujan sore itu, Aku hanya kecewa dia pergi saat mentari mulai bersinar. Lenyap. Seperti kisahku dan kamu~ #masihtentangJuni #ceritaKaa"
happy,"kami pemuda/i Indonesia BANGGA, Bahwa Indonesia mempunyai pemimpin2 hebat TAK SEKEDAR KATA TAPI TERLALU BANYAK TINDAKAN. Doa kami rakyat Indonesia semoga selalu jujur n bijaksana [USERNAME] [USERNAME] [USERNAME] [USERNAME] [USERNAME] [USERNAME] [USERNAME]"
sadness,"Dulu, dia nampak seperti seorang lelaki yang lurus, innocent, baik, tapi aku dah tertipu habis sebab dah buta dengan perasaan cinta dan sayang dekat dia :("
fear,"Hmm Thailand boleh juga tuh. Kebetulan saya suka wisata kuliner sih, tapi ngeri disana banyak yg gak halal, nanti malah gak makan apa2."
happy,[USERNAME] [USERNAME] gitu amat mukanya ahahaha kmrn kalo taehyung kan cuma 'oh kite menang lagi' ini jimin anjir hahahaha tengil bgt mukanya
love,"kalau begitu aku ingin mengatakan kepada Desi: aku sayang kamu, Desi. aku suka kamu, Desi. ini adalah ungkapan perasaanku kepada Desi terlepas apakah dia memendam rasa yang sama atau tidak. [URL]"
happy,Aku bersyukur segala hal untuk pertama kali kulalui dgnnya. Akupun bersyukur atas semua hal yg membuat senyum diwajahnya aku ada bersamanya. Tak peduli saat marah dtng kami tak lama jika berjauhan. Mungkin krn aku yg terlalu sering mengerjar dan ibumu terlampau kasihan pdku.
sadness,"Yang berat itu bukan rindu, dilan. Tapi ngerjain skripsi dengan berbagai pengalaman psikologi yang kurang baik. Katanya ada yang bilang tema dan judul yang saya ambil, sangat cocok dengan pengalaman pribadi saya. Bisa dikatakan iya juga bisa tidak sih."
sadness,"ini kakinya diapain sih harusnya ya ampun sakit banget nyeri. orang rumah udah pada jengah kali ya, aku aduh-aduh mulu gara2 serangan mendadak di kaki"
anger,"Niat hati mau regis sim card, udah selesai masukin nomor NIK ,eh malah ada nomor KK. Mana gw tau lah gblk... emang KK gw yang megang, emang gw yang nyimpen. Kenapa juga harus kk?"
love,Nangroe Aceh Darussalam memang Istimewa Al Fatihah buat Teuku Markam dan salam hormat buat keluarga Teuku Markam dari kami rakyat Indonesia [URL]
love,"Cuma liat notifikasi WA dibalas, senengnya setengah mati,gembiranya berhari-hari. IG story diliat dan IG post di cinta, girangnya kebawa mimpi. Jatuh cinta itu seringkali bikin seseorang jadi kekanak-kanakan lagi ya ... [URL]"
sadness,"Jika datangmu sudah tidak menggenapi, pergimu pun tidak mengganjilkan, untuk apa kamu dilahirkan? Sebaik-baik manusia adalah yang berguna bagi sesamanya."
anger,bicara asal ngejiplak saja sok tahu sangat sih  (at sos wisma slipi lt 7)
love,"di setiap pandangan mata,genggaman tangan,pelukan hangat,ada definisi cinta bagi tiap pasangan,ada pemahaman yang berbeda,ada pengertian yang berbeda,mungkin kamu akan lebih banyak terluka,tapi itu tidak akan membuatmu berhenti mencari cinta. A Perfect Love"
fear,"Bagaimana ya. Jalur yang dilewati juga jalur lewat truck juga. Aku mikir gini ""sayang gak sih sama nyawa?"" Dan beberapa umpatan lainnya. Dan jalan itu kurang penerangan dan banyak sekali yang ngelawan arus jalan."
happy,"Pengen rasanya pacu fisik lagi, biar tetep terjaga tapi puasa gini bikin labil, persiapan puncak mandala dan diksar wanadri semakin menjauh tampaknya, ayodong semangat!"
anger,"Masih di spam nihh sama Indosat [USERNAME] , padahal ku sudah melakukan segala nasehat yg dianjurkan mimin2 yg membalas twit sambatku ini Terhitung sudah 20 sms sejak jam 11 tadi. Pacarku aja ga posesif gini lhoo"
anger,[USERNAME] baru penumpang yamg mau naik ... kadang saya suka gemessssss mau turun mereka ini sudah berjubel dipintu .. iya sih mereka mencari nafkah .. tp jangan seperti ini biarkan kami para penumpang turun dulu . Trimakasih
happy,"paling seneng kalo berobat di bandung. sama konsulen bisa sharing, becanda. lah kalo di bali ngeliat konsulen cuma bisa nunduk sambil senyum kecut"
love,Tp iya sih dosa lo banyak sm gue. Tp aku tetep cinta kok muahh
fear,"Aku gak salah bila mohon pd [USERNAME], segera Perintahkan MENKES utk menambah Ruangan Khusus ""Sakit Jiwa"" pd stiap Rmh Sakit. Sbab, tdk menutup kemungkinan, USAI PILPRES, stiap Rmh Sakit akan dibanjiri Pasien ""Sakit Jiwa"". Tanda2 kearah sana itu sdh ada. Saat ini banyak yg STRESS"
anger,[USERNAME] setidaknya beri saya kejelasan uang saya..dan langkah2nya ketika nasabah memiliki problem seperti ini..sudah satu bulan lebih loh..tolong yang Bank Mandiri terutama untuk Kantor Cabang Sabang Jakarta Pusat
sadness,"Dulu ada orang yang membawa segudang kata ajaib dan itu bisa menenangkan saya, bahkan merubah mindset saya waktu itu. mungkin saya sekarang membutuhkan orang seperti itu. orang yang membawa berpikul-pikuk cerita dan tak sabar ingin diceritakan."
sadness,"Tak yakin ku kan mampu hapus rasa sakitku. Ku selalu perjuangkan cinta kita , namun apa salahku? Hingga ku tak layak dapatkan Kesungguhanmu. . ."
happy,"Wah gila sih, ini lokasinya mirip2 selly oal &amp"
love,"Oppa nihhh aku ada flower bucket buat qm ,maafin aku udh bikin km ngambek krn gk ngabarin tadi, akuu sayang kamuuu"
sadness,"Sebagai anggota komite medik di RS tempat sy bekerja, kami kdg membicarakan death case di rapat komite medik. Membicarakan pasien yg meninggal dlm perawatan di RS bagaimanapun tidak pernah menyenangkan wlopun bukan pasien sendiri pun"
anger,[USERNAME] [USERNAME] Halaaahh di kritik dikit langsung ciduk... apalagi ketemu... noh kacung2mu braninya emang di medsos doank giliran diskusi terbuka plangaplongo.. ngalor ngidul kabuuuurrr
sadness,"dan konten ask fm cuma seru2an aja sama temen2 ngga ada yg berbau seks sama sekali, jawabin pertanyaan juga yg normal2 aja tapi kok banyak yg mention kayak gitu ya, sedih akutu"
anger,Klo boleh jujur gua kadang ngerasa sebel sm itu org. Tau ko klo emg cinta bgt sm w1 tp gausah segitunya. Sungguh. Bnrbnr gamau kalah bgt sumpah.
fear,"Lu harus tau rasanya sedeket itu sm orang gila takut bgt gua tuh... Trs temen gua ternyata denger dia bilang ""wah gede jg ya pahanya"" Yalord. Aing teh cm mau piknik naha ada geginian!!! Terus akhirnya w nelpon temen pake ngomong seakan akan dia bapak gua dan nyuruh jemput:("
love,"Untuk setiap yang aku sayang, mungkin aku tak selalu ada di sisi kamu selamanya. Namun aku akan sentiasa doa, Moga tetap teguh dalam jagaan"
sadness,Semua tak sama Tak pernah sama Waktu yang terus berputar tidak akan pernah Sama dengan yang tlah terjadi. Menikmati setiap detik keadaan itu akan lebih menghargai waktu yang Tuhan berikan untuk kita..
anger,"Kita mah ngerasa ga enak kalo membiarkan orang, soalnya udah sering ngerasain ga enaknya di biarkan sama orang. Tapi kok gitu sih mereka..."
love,Dia itu beda dia yg ngenalin semua hal yg ga pernah gue tau sebelumnya dia yg gapernah nunjukin apa apa disosmed dia yg ngajarin gue buat cinta sama alam makanya gue gabisa move on ampe sekarang He's the one !!
fear,"saking terlalu banyak mikir, terlalu jauh pikiran gue, trs jd takut sakit hati, in the end gue yg nyakitin diri gue sendiri."
anger,"Hati-hati jika belanja di [USERNAME] barang tidak dikirim,uang tidak kembali"
happy,Love this pic terima kasih atas waktu yang sangat indah Note:abaikan muka gw yang kaya babu @ Pantai Legon Prima Anyer
happy,"Selamat ulang tahun himasifo, aku mendoakan yg terbaik untuk mu dalam segala hal semoga bisa memberi manfaat bagi jurusan, almamater dan bangsa. Terimakasih mas hilman yg dulu mengajak ku untuk ikut dan menjadi bagian dari team mu."
anger,"Ndak usah jauh jauh mikir besok pemimpinmu siapa, mikir nanti sahur makan apa aja dulu. Kalo masih berharap dapet takjil saur on the road, fix nggak usah sok koar koar deh gonta ganti pemimpin xixixi"
happy,Kain batik asli Indonesia Pahat kayu buat bikin bangku Makin asik dan hati bahagia Liat yg ayu @8rianna_ penguasa hatiku [USERNAME] [USERNAME] #IniSahurTIKETCOMHariKe20
happy,Happy birthday to us [USERNAME] and happy 6th anniv wkwkwk Bentar lagi kita putus huhu aku harus cari pacar baru :3 [URL]
fear,"[USERNAME] Anjay, serem baca replyannya. Dulu gue daftarnya Tekkim karena suka kimia tapi gk lolos. Untung nyasar ke Farmasi, fisikanya gak begitu banyak"
fear,kadang aku terasa sesuatu. takut. takut akan tidak memperoleh yang aku ingini. takut akan kehilangan yang aku ada. takut akan semuanya berubah sekelip mata.
fear,"Kok ngeri bacanya.. Ibuku juga bilang gitu sih, efeknya tuh ke mata. Jd mending gausah."
sadness,"Yah kalo mau ""ke jalan lebih baik"" apa gak bagusan di kasi aja alat musik itu ke kawan kawan yang berbeda ""servernya"", kalo gak mau temen temen yang sama ""servernya"" terjerumus ke hal yang kau maksud tidak baik itu. Jangan di hancurkan lah.."
happy,"Menikmati setiap denyut jantungku merasakan setiap hirup nafas ini,perlahan sadar setiap mata ini membuka dan kembali menutup. Rasakan, nikmati, renungkan,mulai Menutup mata, menghelai nafas panjang dan tersenyum, merasa tubuh ini seakan melayang lepas bersama seluruh nikmat-NYA"
fear,"Harap diperjelas Pak Ketua [USERNAME] agar masyarakat paham, mana atau apa kriteria gratifikasi lebaran yg dilarang itu & dimasyarakatkan kriteria itu...?"
fear,"Saat sendiri, hanya saya yang tau dan mungkin baru-baru ini saya rasakan yg sebenarnya saya alami disana Tertekan, ya saya tertekan disana Malu, takut, merasa bodoh"
anger,SOAL MAHAR ITU URUSAN PARTAI BAPAK JANGAN BAWA2 ISLAM PAK....ISLAM ITU AGAMA YG INDAH DAN CINTA DAMAI. PARTAI BAPAK CARI MAHAR ?
anger,"[USERNAME] [USERNAME] Mengakui Jaringan 4G nya LEMAH, ya tolong di perkuat dong, jangan sampai Harga Kuota yg 12 Giga, di Rp. 95.000,- tidak sebanding dengan Kualitas Sinyalnya, perkuat di daerah Sariwates, Kiaracondong, Kota Bandung cc: [USERNAME] [URL]"
sadness,Jangan membuat bumi ini menangis dengan keegoisan kita mengeksplorasi segala kekayaan alam yang dimiliki dengan serakah dan tidak bertanggung jawab. Selamat Hari Lingkungan Hidup Sedunia [USERNAME] [URL]
anger,Dear [USERNAME] apakah tdk ada sistem yg mendeteksi untuk memperbaharui perubahan harga ongkir? Udh taun 2018 nih nombok terus setiap kirim paket gara2 ongkir ga sesuai.
love,"Bulan purnama jika ada pasangan yang saling membenci dan atau saling mencintai pada saat bulan purnama bersinar dan mereka di bawahnya, maka mereka akan menjadi pasangan sejati yang akan menjadi pasangan paling tersohor sealam jagad raya"
love,"Haechan aku sayang kamu. Sayangku ke kamu gak kebagi, ini masalah pribadi tenang aja sayangku ke kamu lebih besar daripada sukaku ke dia yang udah kompre hari ini [URL]"
happy,Senyum2 sendiri baca #OldMoneyGakNgerasain karna emg gw ngalamain yg rata2 di twit haha kaya di suruh beli minyak tanah ke warung terus dirigenya ditendang2 pake dengkul kaki
love,tapi yah aku tuh suka namjoon bukan karna makin sini makin cakep tapi karna personality sama talent dia juga.kalo yg belum jatuh cinta sama namjoon coba tonton solo vlive dia yang pake pajama ryan kalian pasti akan jatuh cinta sama bapak yang satu ini
happy,Happy anniversary 2nd.. Semoga Allah SWT senantiasa melindungi dan menjaga kita dalam menempuh setiap langkah kehidupan. Dan lekas diberi kepercayaan tuk
fear,"Baca ini aku jadi takut:( padahal pakaianku sehari-hari juga udah syari, kerudung menutup dada dan selalu pakai rok."
sadness,Sedih ya di ig banya yg hate comment ke via vallen. Mungkin belum pernah ngerasain sakitnya sexual harasmen even itu bukan kontak fisik. Saya membayangkan diri saya sendiri dinilai segitu rendahnya aja pengen ngaplok orangnya. To be true aja.
anger,[USERNAME] Gila kok ada ya perempuan pikirannya malah nyinyirin. Banyak lho kasus korban sexual harassment ga berani speak up yang berakhir bunuh diri.
love,"Udah maghrib, aku shalat dulu ya.. Seperti biasa akan ku sebut namamu dalam do'a ku, kali ini aku akan lebih bersungguh-sungguh meminta dan memohon kepada-Nya untuk kesembuhan dan kesehatanmu serta kebahagiaanmu. Aku sayang kamu [USERNAME]  #GetWellSoonLeeteuk"
love,"Mamah adalah sumber kasih sayang, mengasuh dan memberi tanpa batas. Mamahlah yang selalu berjaga dan terjaga dikala malam hari. Yg selalu menemani, mengajarkan berjuang"
fear,"Bagian terseram, caraka malam ditengah hutan belantara. Udah gausah dibayangin, asli serem. Disuruh jalan, disuruh apalin sandi panjang banget, ditengah dikasih masalah, ditengah sama akhir ada pocong2an, belum lewatin parit, tanpa penerangan apapun. Kacau asli. [URL]"
sadness,"Tengah ddk baca replies dkt bwh ni, tiba2 air mata mengalir... Benda yang paling seram adalah menjadi ibubapa... kita xkn tahu satu perkataan yg dtg drpd parents boleh memberi kesan seumur hidup"
anger,"Biji lu dia nolak, imam mata duitan kok lu percaya dia nolak?? Sdh mata duitan mesum pula, yg gigit jari pendukungnya yg Tolol"
anger,"Makin gede makin gampang filter temen, kalo yang tiap diajak jalan selalu ribet nanya ini itu tapi akhirnya dia yang nggak ikut dengan berbagai alasan, ya nggak usah diajak lagi."
sadness,"Di hari keterbatasan ini, apa yg kamu pelajari? Derasnya harus kita hadapi, tak mudah menjalani cerita ini. Di hari keterbatasan ini, ambil semangat hati. Semua yg kamu percayai, menuntun langkahmu pulang disini"
anger,"Anjir. Kenapa apkl gojek harus ada nomor telp nya. Udah kek bpjs aja no telp wajib, ga sekalian tuh wajib nama orangtua biar bisa ijab qobul-_-"
anger,"Sudah terjadikah ? Islam ya islam ,tidak usah ditambahi dan dikurangi JANGAN SAMPAI SALAH PILIH GURU ,JIKA IA MASIH MENGHALALKAN MUSIK ,ROKOK DAN RIBA !!!! DAN AKAN TERLIHAT JELAS MANA"
fear,[USERNAME] dikasih minyak tawon gitu perhari nya nanti dibiarin sampe mateng nah kalo udah baru tuh diletusin biar darah kotor nya keluar semua gitu ngeri....
happy,"Kagum sih sama dia. She's younger than me, badannya kecil kek anak smp sekarang mimpin satu cabang besar isi 80 orang dan cabangnya one of the best di region banten"
anger,[USERNAME] Bullshit! Mereka semua. #Rakyat yang akan sebagai #Penentu . Nasib #Indonesia bukan pada para tokoh #elit maupun tokoh #Parpol tapi ada pada kekuatan Rakyat
anger,"[USERNAME] [USERNAME] Kaya gini mau nyaleg..? Uda dapet korupsi berapa M, masih kurang.....?? Jadi inget ama yg nyolong ampli mushola... Sebanding ga harga ampli ama yg di korupsi TAUFIK...? Kalau mencuri ampli yg harganya ga seberapa di BAKAR HID"
anger,Padahal yang lain senyum ramah lohh sama fansnya. cuma kamu sendiri yang agak angkuh!! Rodo ngadoh piee ngono nek tak rasakne sumpah wagu mas polahmu
happy,[USERNAME] Nggg.... bagus sih... kayak video iklan pariwisata... tehnik editing sinematografi blablablablabla lah pokokmen juara banget t...tapi ... ya udah. Gitu doang. Kurang berasa personal.
love,selamaaaat paaaagi menjelang siang sayang kuuu semangat hari ini jaga kesehatan aku sayang kamuI love u bby [USERNAME]
fear,"[USERNAME] Aku gak salah bila mohon pd [USERNAME], segera Perintahkan MENKES utk menambah Ruangan Khusus ""Sakit Jiwa"" pd stiap Rmh Sakit. Sbab, tdk menutup kemungkinan, USAI PILPRES, stiap Rmh Sakit akan dibanjiri Pasien ""Sakit Jiwa"". Tanda2 kearah sana it"
happy,Thank you for your wishes guys.. Sebagian Alhamdulillah udh kesampaian..(TerimaKasih Ya Allah) . . . . #throwback #nadyaandriwedding
anger,sama.adiknya jg tuh si lita gw ga mau akrab2 lg coz mama gw benci bgt sm dia maklum mama gw sodara keluarganya ada keturunan saraf jd yah gitu kebanyakan yg jahat sialan dengki sm gw emg sodara mama gw
happy,"Sebuah Keindahan Diatas keindahan, Apabila Aku Bisa Menikmati Puncak Itu bersamamu.. auftttt"
sadness,"Baru tau, ada suami yang segitu cemburuannya. Isterinya ada tanda bekas digigit nyamuk, dituduh abis dicupang orang lain... [URL]"
sadness,"Sudah berumur seperti ini aku masih ditanyakan cita-cita apa, tak jawab Di usia sekarang ini saya sudah mengerti tentang adanya privilege di masyarakat yang banyak tidak saya miliki, bisa memenuhi kebutuhan sehari-hari di masa mendatang sudah cukup"
happy,Yanga namanya pertemanan pasti ada suka-dukanya. Dan disinilah kita belajar dan berproses bersama. grumpytard minoruliciouces #friendship_goals
love,"Adalah bapak yang setia mendampingi ibu. Adalah bapak yg terus berusaha melucu bikin ibu ketawa. Adalah bapak yg masih menganggap anak 24 tahun ini masih kecil. Adalah bapak yang paling cemburu ketika ada laki2 datang ke gadisnya. Luar biasa ya. Cinta sekali, bapak"
anger,Hahaha HRS dapat wahyu ? dari setan bukan dari Alloh [USERNAME] [USERNAME] [USERNAME] [USERNAME] [USERNAME] [URL]
happy,"Buat hiburan, baca ini deh trus lanjut baca twit2 receh di #OldMoneyGakNgerasain . Ternyata hidupque tak lebih dari remah rangginang. Macam manusia yang makan Di kiefsi doang oge meni hayang pamer di story hahaha . Aque maloo [USERNAME] [USERNAME] [URL]"
happy,"Liat show terakhir stun deh, lincah bet... Curiga pas bayi ga dibedong tuh opa Mick RT [USERNAME]: [USERNAME] sex nya itu Den yg bikin muda terus"
fear,"4. Takut Takut, nanti kalo diputusin gimana? Kalo diselingkuhin gimana? Kalo diporotin gimana? Kalo malah diajak ke KUA gimana? Gimanaaa? GIMANAA??! Ya pokok nya banyak lah ketakutan ketakutan lainnya."
sadness,Ada temen minta gue rekomen dia buat masuk kantor gue. Ya gimana dia kaga siang kaga malem WA-an mulu. Kalah gue yg fangirl dan emak2. Gimana mau rekomen. Kerjanya kapan orang begini.
sadness,"Watch this. Ini yg sulit aku bahasakan ke tman2 pergerakan. Inti nya, pandang cadar sebagai pilihan. Terlepas dia cocok dengan budaya kita ato tidak. Krn kita muslim(ah). Ini : toleransi. [URL]"
sadness,Ini lho yg mengiris hatiku!! Masih tega buang sampah plastik sembarangan? Masih males mengurangi pemakaian plastik kresek & plastik kemasan lain? #BijakBerplastik [URL]
fear,"Perginya diantar sama teman, gak bawa HP. Udah janjian biar dijemput jam setengah 2. Krna sayanya ketiduran, dan yg jemput gak nongol2, bingung mau gmna. Akhirnya jalan kaki 2 km siang bolong. Ngeri kali lahh~~ vanashh syekaleh vemirsyahh"
anger,"Tidak sepakat, dan anda menyesatkan orang lain. Tidak disemua tempat kita boleh melaksanakan sholat, salah satunya di bangunan yang didirikan untuk kekafiran (salah satunya gereja). Aku berlindung kepada ALLAAH SWT. dari godaan setan yang terkutuk"
anger,"[USERNAME] [USERNAME] [USERNAME] [USERNAME] [USERNAME] [USERNAME] [USERNAME] [USERNAME] Zon jangan lihat bajunya saja,sekali-sekali pegang burungnya,liar atau jinak????"
love,Tetap disini.. Jangan biarkan aku sepi sendiri.. Izinkan aku selalu bersamamu.. Dalam ikatan yg direstui semesta.. Aku sayang kamu separuh hatiku
happy,"Rencana #bedahrumahibuiriyani,trimksh bpk/ibu atas bantuan dan dukungannya,smg langkah kecil ini berjalan sesuai rencana#timpedulitimka. [URL]"
love,"Wah habis kegiatan yah. Hati"" dijalannya yah. Iya udah di rumah ini siap utk istirahat. Km jg istirahat yg cujup yah, cicil tidur di mobil aja ge... Hehe "
anger,"[USERNAME] saya kalau pakai internet banking full site dari handphone, untuk transfer ke sesama rekening bca, ""appli 2"" masih bisa, ""appli 1"" masih bisa, tapi untuk tekan tombol ""lanjut"" / ""kirim"" ga bisa. Memang dana tidak terkirim, tapi akhirnya saya haru"
anger,"[USERNAME] anda darimana ? maukah walikota anda keluar dari a.c di bonceng motor traika, dateng ke lokasi BOM. KALAU GA PUNYA JIWA BONEK, GA MUNGKIN MAU. ANDA MENGKRITIK DPR MPR TAPI TANGAN ANDA MENJABAT MEREKA, DAN TUBUH ANDA MEMBUNGKUK PD MEREKA AG"
happy,Untunge mereka tanggung jawab (kasih kaos ganti) setelah diguyur air kadi korban keisengan temen2 [USERNAME] [USERNAME] aisjogja aisjateng_plat_h
sadness,[USERNAME] Mungkin sampaikan kepada gubernur jakarta dulu supaya trotoar utk pejalan kaki dirapikan dulu bukan dijadikan tempat utk berdagang. Saya sering jalan kaki di sepanjang satrio tp pedestrian sungguh kurang nyaman.
sadness,"Nangis dipundak kamu, boleh? Aku pilu, sungguh."
happy,Aku hamil sama abang! Masa hamil sama setan? Aku hamil sama abang! Masa hamil sama siluman?~~ Dan playlist ini ternyata sering keputer di radio mobil setiap pagi berangkat school haha #HamilSamaSetan
happy,"saat ini lebih ngerasa pgn manfaatin waktu sebaik-baiknya. kalau msh bisa pulang tepat waktu, ya pulang, biar bisa buka di rumah brg keluarga. karena moment ini priceless bgttt."
anger,bikin orang kesal saja
anger,"[USERNAME] Eh seriusan dia ga dijepang lg? Udh abis kontrak atau gimana? Halah dia mah emg gitu, semua artis kpop disosor sama dia. Gila ya, ga sayang apa dia duitnya dihambur2-in buat hal2 gajelas. Bukannya ngatur cuma dia itu keliatan bgt pamernya."
anger,"Apakah Anda setuju [USERNAME] adalah partai TONG KOSONG NYARING BUNYINYA, berisik tapi miskin manfaat. Yang setuju RT ... #2019GantiPresiden"
love,"Dulu.... dulu banget, naksir temen SD inisialnya SR wkwk kdg suka ngukir nama di buku diary EDASR. Trs pernah berdoa minta jodoh sama dia waktu ketemu lagi pas lulus SMA. Eh gak disangka inshaAllaah jodohnya sama SR jugak. Walaupun beda orang *akibat doa yg spesifik*"
happy,"Akan ada satu hari, kau yg ikhlas di hujat, fitnah, adu domba.. melangkah ringan di hari perhitungan. Krn hukuman di terima di dunia dg semua ikhlas terima kejahatan mrk padamu. Dan urusan mrk, biar Allah yg tangani saja"
sadness,gerah perjalanan jauh
sadness,"[USERNAME] Aku tak mudah mencintai bilang cinta tapi mengapa kini denganmu aku jatuh cinta,tapi jika kalau belum jodoh aku bisa apa - Menyimpan rasa /devano danendra"
fear,"Gue mau cerita kalo dia ini bisa akrab juga sama susin yg cuma 2 bulanan aja kerja. Kayaknya itu udh akrab bgt, kayak temen sekolah aja. Dan saat itu gue tahu gimana kpribadian susin sbnernya. Si D ini, kalo gue perhtiin, ngeri juga ya klo diajak ngobrol."
happy,"btw doa restu orang tua itu emang gilingan ya... pas udah mentok nyari literatur tambahan, nemu aja dong di RUMAH. padahal dari kemarin udah panik kudu mesen dari banyumas  apakah ini berkah ramadan [URL]"
anger,"Punya sahabat cowo 2 nih, tapi sering nya ga konsisten terus sering bohong lagi. Kenapa sih? Udah berkali2 dimarahin karna sering bohong tapi ga mempan2 juga. Apa kodratnya suka bohong apa gimana?"
anger,"Jaman itu harga komoditi booming, harga minyak bumi berapa? Membandingkan itu harus apple to apple. Dgn pertumbuhan segitu tapi proyek2 pada mangkrak! [URL]"
sadness,"Ijazah mendadak nyelip tu, langsung tiba2 kebayang perjuangan dikampus, penelitian, skripsi, de el el. Emang ya kudu gak ada dulu, baru berasa."
anger,Siapa bilang kafir gabung sama khilafah bro jgn alihkan isu anda itu siapa penyelundup dari kaum bumidatar se-olah2 pro Pancasila [USERNAME] [URL]
anger,"Kami punya cara kami sendiri untuk berdamai dengan diri kami lewat jalan komedi, kalau ada yang punya cara berbeda, apa berhak membuat kami bungkam? Padahal kami tidak mengusik cara yang mereka percayai."
sadness,"Rambut diacak acak kagak suka, hati diacak acak dibiarin aja."
love,Nge gua cinta sama lo ngelebihin cinta githa sama lo. Love you nge. Temen gua yg bisa dampingin gua sampai saat ini. Curhatan gua sampai saat ini. Walaupun no solution. Hati gua senyum klo lo yg ngomong.
sadness,"biasanya marketing itu yg ngejar2 cust ya? tapi gw kebalik lhooo, gw yg dikejar2 cust muluu,,,sampe kdg2 cari cara, gmn ini caranya nolak"
fear,aku takut dngn smua bnda.. ap y bkl trjadi ap y tgh tjadi kat sekeliling aku.. aku takut dngn diri sndiri.. hate this feeling.. just wanna die rn.. fml
anger,Dari kasusnya mang kosim dgn mba VV ini msh banyak dr sesama perempuan yg gak menganggap sexual harassment itu sbg ancaman malah justru dpt victim blaming. saya jd semakin paham ternyata perempuan itu jauh lebih julit & jauh lebih judgemental ke sesama perempuan.
fear,"Ya tau kalo rasa sakit hati memamg sulit, tapi ada kala nya saat di jenjang rumah tangga jangan lah di publikan situasi saat ini...media itu jahat enggak menyelesaikan masalah dengan terlontarnya kata demi kata"
fear,"Kalo ada yang menganggap big is beauty, terus kami mikir, big is awal mula berbagai penyakit. Sah-sah aja lah. Kalo tersinggung, jangan-jangan emang ga yakin sama kepercayaannya? Mau setuju tapi udah terlanjur."
anger,[USERNAME] [USERNAME] [USERNAME] [USERNAME] [USERNAME] Donggo2 inilah yang sebenarnya pemecah belah NKRI kenapa tidak di tindak mana BPIP..
sadness,"Jadi hmmm.. kalo ada dua orang sama-sama sudah siap untuk menjalin hubungan yg serius, masing-masing dikecewakan oleh pasangannya. Trus mereka memutuskan untuk mencoba bersama, tapi masing-masing masih belum bisa melupakan pasangannya itu... Itu gimanayaa?"
happy,"(1) #Ramadan hai tweeps, lewat sini aku pengen cerita nih yah tentang ramadan yang penuh berkah. Ini kali pertama aku ramadan dengan situasi seperti ini dan sangat berkesan utk aku pribadi Sehari sebelum ramadan aku diajak jadi penyiar di studio Yayasan Masy Muslim Freeport Indo"
anger,"Indonesia baik baik saja kok brisik amat ya Di kampung2 orang2 yang kalian ""jual"" susah, miskin, dan sejenisnya nyatanya biasa saja Masih pada merokok tak berubah... Tagarmu makan sendiri ya... HAHAHAAHA"
sadness,"Aku dong pernah ditolak sama: -CARGLOSS -NUTRIFOOD -PROPAN -BI -FORISA -BERLICO -CANTIK JELITA (ini yg paling sakit krn cuman masalah shift yg belom tentu ADA) Aku tabah kok, Tuhan."
anger,"Lha bknnya elu imam cabul dibelain ama 7jt org tolol lho, kebayang kan betapa begonya manusai model kau takut ga msk surga??"
sadness,"Sebenernya badan ini kurang sehat dibawa makan susah, keringet dingin dari pagi tapi dibawa sehat untuk d'bawel apalagi ada acha. karna janji udh lama. Udh ke toilet 5x ditahan kalo gk ditahan bakal lebih, hmmm."
fear,[USERNAME] Pasti mimpi kali item ya om. Emang serem sih apalagi dipakein jaring. Ga kebayang mahkluk apa yg tiba2 akan nongol karena tambah pekat.
happy,"Sebenarnya ga kaget juga sih, krn setahu gw sebelum Jorge Lorenzo pindah ke Ducati, Honda dikabarkan ngebet banget pengen dapetin Jorge ... Akhirnya kesampaian deh ... Good luck deh buat jagoan gw .... [USERNAME]"
fear,Kalo ada luka terbuka jg lbh gede tuh peluang menularnya.. misal luka terbuka karena dicukur.. nah alat cukurnya kan gak pernah di steril .. ekok serem yak #DeteksiDiniHepatitis [USERNAME]
happy,"[USERNAME] Oppa kenal yang kyungie charain ga? Tak kenal maka tak sayang, makan nya sini kenalan sama kyungie dan ngobrol sama kyungie. Pasti kita cocok, kyungie bakal lakuin terbaik sebisa kyungie kalo ke verif. Makannya oppa verif kyungie j"
anger,jijik anat nak angkat call kau..jijik tau tak jijik...
anger,"Di Instagram hits, hype parah, terkece lah, followers banyak cakep cakep lagi, bikin story rajin. tapi giliran stok foto dia abis larinya ke gue, ngajak hunting sana sini kan anying ya lu pikir gengsi dibawa mati"
fear,"Baca2 tentang vaksin di akun ini kok serem kali yaa. Ayuka vaksin terus sesuai jadwal padahal. Tapi kalo kandungan vaksin semenyeramkan yg dijabarkan di akun ini, kok was was jg. Tega kali orang2 di belakang... [URL]"
happy,"Ramai, itukah dirimu? Kurasa memang iya, namun ramaimu tidak menimbulkan kebisingan melainkan terciptanya sebuah kenyamanan bagimu dan bagi orang2 d sekitarmu"
anger,sbnrnya gw tau mama gw.tuh si daniel aja disetujuin kl gw pingin nikah ama bule ttep asal bulenya dia tau keliatan dpn mata dia .tp daniel kan kl mau sm gw jg mau numpang hidup doang woii ga deh amit2 7 turunan ga deh jgn geer lo daniel gw ga bakal milih lo gw mau cari duda mapan
happy,ngakak ane liatnya wkwk
sadness,maaf jika saya bolak balik reply mohon bantu share.maaf jika kalian anggap itu nyampah.anjing ini sangat berarti bagi saya...maaf kalo terdengar lebay dan dramatis tp anjing saya ini bener baik dan setia.makanya saya sayang bgt sm dia. sekali lagi maaf yang merasa terganggu
sadness,"Hati yg sakit dan merasa tersakiti oleh perbuatan oranglain, sesungguhnya sedang tersakiti oleh diri sendiri. Hanya karena besar marahnya, besar egonya, maka besar kecendrungan untuk menyalahkan orang lain"
anger,Partai merah ini kan ideologi dasarnya tidak mengakui adanya akherat.Masih sejalan dgn Pancasila kah?.Yak apa pak prof [USERNAME] mnjelaskannya.Sila pertama jelas tdk nyambung dgn partai merah. [URL]
anger,"Rupiah jatuh anjlok ramai menyalah-nyalahkan pemerintah, gilirah rupiah naik menguat mereka mingkem. Sekarang anggota DPR menyalah-nyalahkan polisi, pas bom meledak salahkan pemerintah lagi. #GituAjaTerus sampai gue jadi Sekjend PBB"
anger,"Samin rasis sudah tua pikun sudah tidak punya rasa sehingga lupa statemenya melampui Tuhan . nggugu karsane priyonggo , Gonjak ganyuk ngelingsemi ....."
fear,"Itulah knp tiap2 mau nulis inggris selalu cek dulu ke kamus. Tp meskipun dah dicek, seringnya ku hapus lagi masih takut salah grammar"
fear,"Jadi aku suka baca komen pembaca dlm setiap kisah seram, lagi terhibur . Antaranya kata xboleh tidor terpikir-pikir, xberani pergi tandas punye takut, kalau duk hostel kwan cerita hantu memang tidor peluk member. Nak kencing pun tahan sampai subuh. Ini level ketakutan kita."
anger,[USERNAME] saya rasa pantas anda dicemooh oleh orang banyak karena kalau anda mau dihargai maka hargai pembalap lain terutama yang sudah jauh lebih senior dari anda
anger,Rejeki itu pas mau masuk parkiran diserobot mobil lain padahal jam2nya parkiran penuh. Maklum lah biar kalo ada yg kosong bisa dapet duluan. Eehh pas depan pintu masuk banget ada mobil lagi parkir mau keluar &amp
happy,"Besok padahal UAS statmat tapi berdoanya bukan buat UAS xixixi Karena aku bersyukur negeri ini damai, sehingga aku diberi kesempatan terus mencari ilmu di jenjang yg sekarang. Coba kalo Indonesia kek Suriah, ga mungkin seleha leha ini"
fear,[askMF] kalo lagi presentasi kalian yang maaf nih yang kurang suka sama bicara depan umum suka awkward gt ga sih dan takut salah ngmg?
fear,Sementara gue begitu ketakutan buat melanjutkan hubungan gue ke arah yang lebih serius dan malah memutuskan buat pisah dari laki-laki yang sayang banget sama gue.
anger,"Ketika yang nge catfish in elo adalah nyokap lo sendiri, foto WA dia gapernah pake foto sendiri selalu pake foto gue. Banyak klien dia yang tiba2 ganjen, tiba2 ngajak ketemu, lah padahal gue nya aja boro2 ada yang modusin"
love,Bidadari atau manusia idaman? akan udon pake kasih sayang Pulangnya bawa pulang madu Erikacang yang ku sayang Semoga senyuman manismu semanis cintamu padaku.
happy,Selamat pagi generasi Tik Tok yang kadang kepalanya suka minta digetok! Bukan pengen cekcok tapi [USERNAME] mau ajakin kamu seru-seru an yang berfaedah di #RABUMENGGEBU #OZMATASAPI [URL]
sadness,"krna dia dulu penyanyi dangdut yg masih pake baju seksi pas manggung ya harus trima2 aja klo ada yg chat kaya mas pesepak bola"" . Ya cma cara penyampaiannya diputer puter aja, pokoknya pia palen paling salah pokokmen."
anger,[USERNAME] Memikirkan Blunder nya... saat bulan puasa kok nuduh [USERNAME] [USERNAME] sudah melahirkan 2 koruptor besar... [URL]
sadness,"Wa inii ... mantep nii Wa inii, wa inii tok, dari kemarin jg belum nonton deadpool, han solo gr"" gaada temen kasian ! Dasar miskin, gapunya temen ! [URL]"
sadness,"RT [USERNAME] Kebesaran seseorang tercermin dari kemampuannya mengabaikan perasaan-perasaan yan nggak penting, seperti perasaan hampa dan marah berlebihan."
fear,"Gue tadi di sekolah kucek kucek mata kan ya. Abis itu banyak bulu mata yang rontok. Auto panik nih, takut kalo gundul sebelah. Nah, bulu mata tuh bisa tumbuh lagi gak sih?:("
happy,"Akhir-akhir ini lagi seneng-senengnya nonton foreign filmatau film-film non hollywood. Dan ternyata emang film-film asing ga kalah bagus. Dari storyline, cinematography, visual effects dsbnya bener-bener banyak yang anti mainstream."
sadness,"dia blg dia ttp pegang janji pernikahannya, tdk brhak menghakimi suaminya, mndoakan suaminya dan dia yakin suaminya akn brtobat dan akan kembali ke dia"
sadness,"[askmf] makin gue dewasa, gue semakin sadar, gue punya banyak temen, tapi disaat gue kesusahan, gaada yg semangatin gue cuy. malem ini gue khawatir bgt dan itu mengganggu tidur malem gue, but gue hanya bisa pendem dan makin terpuruk aja"
sadness,"Wagelaseh, cuti ditolak. Di antara 135 org paling eug sendirian yg blm pernah balik ke rumah. ""Lu sih pong, ada libur panjang ga langsung kabur."""
love,"sebucin itukah aku? itu karena aku tulus sayang sm kamu maaf ini emg fakeworld, tp soal perasaan it's a real. sayang ya sayang, seneng ya seneng, sedih ya sedih. coba gimana caranya main di fakewolrd ini, tanpa pake perasaan yg real"
love,"CUTE BANGET. Aku suka banget liat greetingnya, gemes. Ayo makin deket sama aku ya, sayang! Ohiya, jangan lupa bagi bagi chikin sama aku, tq tq."
love,"Tbh, aku rasa aku jatuh cinta dengan someone tanpa aku sedar bcs my heart beats faster when i think of her. Jangan tanya siapa. Aku takkan beritahu."
fear,Setiap waktu bersamamu adalah hal yang paling berharga bagiku dan selalu ada rasa khawatir bagiku takkan lagi bisa seperti ini dimasa mendatang denganmu
sadness,"Kemarin lihat puisinya Adimas Imanuel yang judulnya Love Is Never Far From You, makdrandang ingat beberapa bulan sebelum #tumblr diblok, pernah bikin tulisan judulnya Cinta Itu Tak Pernah Terlalu Jauh. [URL]"
happy,"Dulu dapet tugas kuliah translate 1-2 halaman waktu seminggu aja udah sambat ga abis2 tiap hari. Sekarang, dihajar translate berhalam halaman dengan deadline less than 12 hours.... Tentu hanya BU lah motivasi dan penyemangatku saat ini hehe"
sadness,"(c.) jalan tol. Ia sungguh sedih mengingat kejadian-kejadian di kehidupannya. Tak kuat menahan sedih, dirinya mencoba mengakhiri hidupnya sambil menatap bayi Aurora yang tengah terlelap dan tersenyum. Tak kuasa melihat malaikat kecilnya yang begitu cantik mengurungkan niatnya (c"
happy,"Acara tahunan ""Sanusi Family"", ini lah wajah para anak, cucu, cucu menantu, dan cicit terempong. Smg thn berikutnya bs makin kompak dan lengkap #7-8juli2018 [URL]
anger;Wkwkwkw Keknya dah seminggu lebih meledak2 mulu. Emang orang sekitar gue pada gblk atau emang gaada otaknya dari dulu cuma gue nya yg sabar
sadness;sabar ya boy kamu slalu d hina tmanku pdhal kamu ndak salah apa"""" kamu slalu d bipang manusia lastik tpikan kamu bukan manusia plastik. Kapan temanku tdak mrnghinamu boy hwaiting boy"""
anger,"[USERNAME] mau nanya nih maaf kenapa ya nomor telkomsel saya ""Panggilan Darurat Saja"" ga ada jaringan mulu padahal telkomsel punya tmn mh ada jaringan nya. Udah di coba ganti pke kartu yg lain mah ada jaringan giliran pake kartu telkomsel saya yg ujungn"
happy,"Selamat ulang tahun, Bosque! Sepurane telat. Semoga2 sehat selalu, dilancarkan karir & jodohnya, diberi segalanya yang terbaik oleh Allah sebaik-baiknya orang tua memberimu yang terbaik selama ini. Aamiiin"
anger,kalo gak tau ceritanya mending diem gak usah sok tau dan bikin asumsi sendiri giliran ditegor bilang becanda giliran didiemin ngelunjak pengen ditonjok apa ?
sadness,umur 9thn omongan kaya tante2 45thn -_-gue lebih suka sama bocah sd yang masih culun dan polos
sadness,"Dulu jaman putih abu-abu rasanya ngebet banget pengen cepet kuliah, eh sekarang pas udah kuliah mikir berat rasanya jadi ngebet pengen nikah :"" #recehkantwitter"
fear,"#ct caratss, aku takut deh gaada temen pas masuk kuliah, soalnya tadi pas aku wawancara kayak yg lain itu udah sama temennya, aku coba nanya dan ngobrol tapi mereka nya gitu Aku harus gimana dong carats?:("
anger,"Kabur kok bangga, itu pengecut. Katanya imam besar kok mesum??? Kok kabur??? Trus masih banyak org goblog termasuk lu yg belain krn takut ga msk surga, ajaib!!! [URL]"
sadness,"Bersin pertama, ah paling kena bulu. Bersin kedua, debu nih. Bersin ketiga, gatel bat hidung saya. Bersin keempat, kelima, keenama,... Fix mau flu nih."
happy,JNE/JNT selama saya pake entah kirim paket/beli olshop jastip dari luar kota sampe beda pulau maksimal 3 hari sampe mau itu dia pake mobil susah cari alamat bingung gabisa masuk kompleks/gang meski malem sekalipun dibelain jalan ke rumah sampe paketan terkirim dgn baik.
love,"Kamu, kopi, dan semangat kerjamu, yuk beraktivitas!"
happy,"bukan karna soalnya susah, tapi karna soalnya sama persis kaya quiz. p e r s i s. akhirnya ngerjain, ga sampe 30menit, selesai. setelah selesai, mikir. Begitu baiknya Allah sama wanda. tapi wanda masih sering nglanggar."
sadness,"Mudik kali ini bawaan lumayan banyak, karena banyak baju yang dulu beli di Cirebon harus dibawa pulang karena sekarang udah ga muat di badan. LOL"
sadness,"Mau bilang rindu tp bkn siapa, mau blang cemburu jg bukan siapa2 .emang benar yg bukan siapa2 mana bisa dapat apa2"
sadness,kasihan pasti nungu lama yah terus result'a apa
sadness,"2 Minggu ketika perasaan merahasiakan kabarnya lewat angin, kecemasan mengutus rindu untuk membuat pertemuan. Dikamar 2017 Smith #sajak #poem #hujan #senja #rindu #pertemuan"
anger,[USERNAME] Guwah sependapat sama ente Bro.... Ini yg paling ditakuti sama mereka2 yg sedang berkompetisi utk bisa nyapres.... makanya mereka selalu cari cara utk mendown-grade HRS. Apadaya.... kehendak Allah...HRS malah makin bersinar [URL]
anger,Ini lg bapak kos pelitnya setengah meninggal. Meja g pernah dipake nongkrong aja diminta lagi. Yaelah pak..ngerti dikit ngapah kita duit pas-pasan?!
anger,"Warga: Pak, jalan di daerah kami rusak parah. Tolong diperbaiki Pemerintah: Sudah ada yang kecelakaan belum gara-gara jalannya rusak Warga: Belum ada Pemerintah: Kalau begitu tunggu saja dulu sampai ada yang kecelakaan"
happy,"tapi yah kalau chating, gw lebih suka enter send sih, daripada berspasi alenia panjang panjang gitu ngetiknya kek mau mutusin pacar aja. hahahaah"
sadness,"[USERNAME] Selalu seperti itu ri siklus nya, sesering apapun kita pernah ""bersama"" dengan orang lain, selalu sulit untuk memulai dengan yang baru."
anger,Di transJ gw berdiri dan mau berbaik hati kasih tempat duduk untuk bapak tua .. tp si bapak tua gak mau.. eehh malah ada cowo gak sopan yg dudukin tempat duduk itu. Hadeehhh   
sadness,"Oiya ketinggalan, sosis telur. Jauh2 ke pasar wadai, nyampe sana eh sdh habis. Besoknya balik lagi. Sama pengen bakso isi super pedas juga kehabisan, yg ini belum kesampaian"
fear,Aku beberapa hari yang lalu habis isya ketiduran kan ya. Bangun-bangun kok nggak bisa gerak. Ketindihan kalau kata orang. Serem banget deh.
love,"percaya deh, menjalin hubungan itu lu harus percaya sama pasangan. seburuk apapun prasangka lu, doi masih menjaga cinta nya untuk lu. dan gua pernah di tempat kalian guys.."
anger,"Itu namanya fitnah mbak, g ada bukti ko fitnah org lain korupsi.. Ingat mbk dunia ini berlaku sistem tabur tuai, mgkin anda menutupi keburukan anda dg memfitnah org lain.. Saya tau smua kok korupsi n pekerjaan terselubung anda.."
love,"Sahabat aku, ada di ava tuh.g, polos, tapi dia baik pake bgt, care bgt, lucu, pinter juga. Sayang dia"
love,"Dalam cinta, ketika ada yang berbeda, jangan mencari siapa yang salah, karena kamu dan dia adalah tim yang sama dengan tujuan yang sama. #FRN"
sadness,"[USERNAME] [USERNAME] Pertanyaan tak akan habis kak. Selanjutnya bakal ada kapan punya anak, anak sudah bisa apa, anak sekolah di mana, blablabla. Kau pasti bisa melewati itu semua kak. Good luck "
sadness,sial haha daripada kamu galau we hehe kamu memang sudah dari sananya stres div
happy,Gpp miss .. Kami exols bakalan tetap nunggu kami pasti tau susah payah nya buat datangin exo .. Semagat miss .. Fighting aeris ada lain waktu dan kita bakalam ketemu uri exo jangan bersedih lagi
anger,"Jd ada kenalan nih gue, entah lgsg nyambung aja gitu, di sisi lain ada yg sok deket sm gue sok udh deket pdhl kenal ae kaga, tp kalau gue nya ga welcone jd kek ilfil aja gitu ngeladenin nya"
sadness,Pencitraan terbesar kampus itu ketika mau akreditasi. Semua ruangan dirapikan yang dulunya gak ada menjadi ada... yang dulunya ada malah dihilangkan.
sadness,[USERNAME] [USERNAME] [USERNAME] Demokrasi kita memang lagi mundur saat ini krn kebebasan berekspresi terus menerus di pantau oleh penguasa.
sadness,Aku tidak mampu... Mencegah hatiku untuk tidak terus merindukanmu.. Meski aku sadar bahwa rasa rindu ini hanya akan membuatku bertambah sakit.
sadness,"[USERNAME] karena mereka gak mengenal rasa tanggung jawab, mungkin pas di sekolah sukanya juga nyinyirin gurunya, makanya kebawa ke medsos ??"
anger,Ini org wajib dipenjarakan [USERNAME] wajib dilaporkan..ini org yang memecah belah
anger,Dasar netizen YMC kek begitu disalahin  Swing begini disalahin jugaaa Jadi yang bener siapa? Yang bener itu akuuu istri sah nya Woojin
love,"sekarang baru ku mengerti teka teki mu kalimat indah tak pernah ku sadari, tulismu ku tak menyangka jatuh cinta semudah ini... kepada sahabat baru ku..~~"
fear,"[USERNAME] ""Takut dosa"" Serius, sebenarnya aku tu ingin kaya temen aku yg menel2 sama pacar nya, ini itu. Tapi aku lebih takut akn dosa, dosa aku aja pas sendiri gini banyak, apalagi kalau punya doi yg g punya ikatan apa2"
happy,"yakin aja, setiap datang pasti akan pergi, dan begitupun sebaliknya. Pasti ada gantinya, ya mungkin harus dari nol lagi, ngajarin lagi. Ya itu lah proses, mau bisa ya harus belajar."
happy,"Selamat pagi warga Gunungkidul, bagaimana suasana pagi ini di tempat kawan2? #selamatpagi #gunungkidul #HariLingkunganHidupSedunia #WorldEnviromentDay2018"
fear,[USERNAME] Sampe merinding dalam hati ((aposeee)) tiap liat explore IG. Gue bingung deh siapa temen IG gw yg like/follow secara IG gw bubble bgt krn over-curated. Haha. Serem ya rasanya kelebatan2 film G30S sama berita kerusuhan di TV menyertai foto2
sadness,"Sampe 4 tahun, udah ganti pacar berkali-kali, udah ganti gebetan berkali-kali, yg terus gue tangisin sampe nggak tidur 3 hari cuma dia doang.. padahal pacaran aja nggak"
sadness,"betah di jogja? tp udah kaya kotamu sekarang bep, macet:( . location: pantai parangtritis #parangtritis #beach #yogyakarta @ Yogyakarta [URL]"
fear,"Jangan ngecengin gua lagi ya gaes [USERNAME] [USERNAME] [USERNAME], orang ini udah ada blog-nya juga.. ..ya walaupun nulisnya nggak jam 2 dinihari sih."
anger,Wah ini....siapapun presidennya kalau membiarkan kelompok pembangkang Pancasila dan NKRI hidup di republik ini akan kami lawan. [USERNAME] [USERNAME] [USERNAME] [USERNAME] [URL]
anger,"[USERNAME] Elaah. Serius amat blek. Org pinter gak pernah merasa pinter. Klo dia udah merasa, ya berarti kurang pinter. Tugas kita belajar. Supaya gak seperti doi."
anger,Sama sekali nggak. Arab lokal nggak peduli kok dengan cara berbusana orang lain. Banyak Arab pendatang dan nggak semua berhijab. Orang Asia dan bule bahkan bisa pakai tanktop dan celana pendek ke mall.
anger,"memasuki tahun ke 4 menunggu seseorang, eh ada yang lain dateng tapi ga tanggung jawab sama kelakuannya... besok kalo keluar2 pake rok aja mas"
happy,"Baru tau kalo anak sd sekarang ga pake buku tulis kudu disampul coklat. Mereka menggunakan binder file. Keren lah, gue ga perlu repot sampul menyampul belasan buku"
sadness,"Yang repot tu kalo sekedar baca tanpa dimengerti,nahh disitu timbul kesalahan bukan pemahaman.. Selektif terhadap argument ndakk papa, selagi nalar tetep pada jalur, bukan keluar jalur,kalo dah keluar jalur ituu pelanggaran.. #celotehreceh"
anger,PLN emg php surat edaran maintain daerah a sampe jam 1 tapi skg udh jam 2.40 listrik belum hidup jg. Kalau telat dikit bayar tagihan langsung denda ini klo mati listrik mulu dapet potongan gak? [USERNAME]
anger,ini hasil sekolah asal sekolah ... mikirlah Mahkamah Internasional itu punya kewenangan mengadili perkara genosida dsbnya ...
anger,[USERNAME] [USERNAME] [USERNAME] Lebay...tidak ada urusan dengan agama ini...tapi murni keinginan orang2 Mongol untuk menyatukan dunia dibawah Khan Agung!
love,ini knapa menurut sy bagusnya Al Qur'an itu bukan sekedar dibaca.. dalam tafsir juga kadang ada penyebab knp ayat tsb turun.. yg bawa arti yg atas adalah tafsirnya [URL]
love,"Pada saat dirimu masih seorang anak perempuan kecil. Papa biasanya mengajari putri kecilnya naik sepeda. Dan setelah papa menganggap mu bisa, papa akan melepas roda bantu sepeda mu. Kemudian mama bilang "" jangan dulu, jangan dilepas dulu roda bantunya"""
love,"Cinta yang Sebenarnya ~~~ Cinta adalah ketika Sayyidina Rabi'ah bin Ka'ab ditanya oleh Rasulullah Saw apa keinginanmu? Lalu ia pun menjawab: ""Aku hanya minta satu perkara, yakni agar dapat menemanimu di Syurga"". "
happy,"Aku liat di lokasi filmnya kayaknya di Irish gitu, say. Lebih bagus scenery di Ireland drpd di London. London mah Henson bett"
happy,"ketika sudah lama tinggal dijakarta dimana masyarakat disana pemahaman akan ""antrian"" sangat tinggi, bahkan tanpa ada tulisan ""mohon antri""pun mereka sudah paham bahwa budaya antri itu ada dimana mana"
fear,Yg pada nangis dimotor gitu emg gapada takut tbtb bawa motor jadi ga fokus dan malah jatoh atau tabrakan ya? Gua pernah nangis dimotor tapi ga histeris dan malah kepikiran serem aja ntar tbtb gua ketabrak grgr ga fokus nyetir :') drama emg :( [URL]
sadness,"[USERNAME] tolong kab.Bekasi dibenahi tata kelola jalan rayanya, daerah yang nota bene kecil kecelakaan yg merenggunt nyawa tetangga"" kani setiap hari terjadi, dari jalan rusak dan proyek yg merusak jalan. [URL]"
sadness,"Trus satu lagi bunda Anak asuhnya aku satu lagi hiperaktif., jadi suka ilang-ilang gt. Ya namanya anak maklum. Tp capek juga. Nggk sempet ngerjain kerjaan lainnya klo harus nungguin anak yg satu ini. Help me"
love,"Suka sama cewek beda kelas dong, gue di kelas 7A waktu itu dan si cewek 7C kalo gak lupa (teruntuk kamu cinta pertamaku )"
anger,"5. masa depannya nggak jelas. lha iya, gimana mau jelas coba? lulusan seni, bisanya cuma nari, mau kerja apa? nari-nari doang. berapa sih, penghasilannya penari? kerja juga gak tetap~ #dontdateadancer"
happy,"Subhanalloh ,ternyata neng cantik ini adalah kader NU yang aktif juga di IPPNU,mudahhan menjadi kader yang militan untuk NU yang selalu menjaga marwah organisasi."" #JayalahNU"
anger,[USERNAME] Kok aneh..... padahal honorer karyawan juga dan telah diatur oleh UU Ketenaga kerjaan tentang hak dan kewajiban nya. Kayaknya bapak yg satu ini belum pernah kelapangan deh memonitor sistem kerja di masing2 SKPD
anger,Jangan diam lawan juga mereka yg memparalat hukum dgn tujuan kekuasaan ! Jangan diam lawan juga mereka front linernya komunis berkedok pancasila :) [URL]
sadness,tidak-enak sangat badanya ingin pulang tapi kerjan masih banyak ya 
sadness,"Lagi puasa tp dri pagi udah kesana kemari mmbawa alamat,, eh ayuting2 kalee.. enggk ding. Ini knpa siang2 tetangga sbelah goreng telur yah, kan baunya smpe idung gw hikss piye sih mbak?"
fear,"kok saya yg dipilih sihh takut memalukan univ walaupun 1 kampus terdiri dari 10 orang dan tdk sendiri, tapi kan ini lawannya mahasiswa seluruh indonesia ya kalii bor"
anger,"Suka kesel sama fans yang sok-sokan mengatur, sok-sokan yang paling tahu segala-galanya. Hey kamu ibu Negara bukan, cenayang bukan, sudah lebih baik diam biarkan dunia ini bersih dari segala macam bacotmu"
sadness,"lu ngapa si galau mulu:( lu kalo galau banyak diem, kalau lg seneng gabisa diem. Mangat dong kak nanas seneng itu bisa nularin ke orang2 loh:( wkwk"
sadness,"Jujur gue gapernah ngomong ama ini orang, trs tb2 jd closefriend nya dia di ig, dan setiap malam gue menyaksikan dia lg mabok-mabok ria bersama teman-temannya. Aku kudu piye."
sadness,haaaa syabar ajaaa... beloman waktunya buat ikutttt... pemerintah ajanihhh yg ketumbenan ngasih liburnya kepanjangaaannnnnn :((((
sadness,"jadi waktu sma tuh aku pengen banget yang namanya perawatan ke klinik kecantikan macem erha,natasha gitu gitu deh tapi sama mama bener2 dilarang banget dan suka dimarahin gt kalo aku ngrengek minta perawatan:("
sadness,"Tepat 4 tahun lalu kami bersenda gurau dan berhappy happy sekalian bersosial dilink tempat ini, kini tempat ini baru saja kena musibah kebakaran. Semangat terus crew dan owner Gapuro"
love,"Cinta mampu melunakkan besi, menghancurkan batu, membangkitkan yang mati dan meniupkan kehidupan padanya serta membuat budak menjadi pemimpin. Inilah dasyatnya cinta !"
anger,"Jenis orang yang bikin males dari awal ketemu adalah yang seneng banget nyombongin diri sendiri. Ya mungkin sebenarnya karena dia nggak pede ya, jadi butuh pengakuan. Tapi males banget nggak sih ngobrol sama orang kek gini, meski pun dia cantik/ganteng banget?"
anger,yang salah siapa masa yang ngalah harus saya !
happy,"#PWBanget EMANG BEDA . . Viral curhatan Personal Assistant konglomerat Indonesia yg diposting di acoount twitter nya, asli baru kebuka deh pikiran kita tentang orang tajir yg ternyata ga sombong loh [URL]"
love,"18. Nekko-nya aku, eh bukan, Nekko-nya Jujun, baikkkk banget. Sumpah, aku bukan pencitraan tapi emang bener . Also, you are cute without even trying. Kamu beneran selucu itu! Jangan pernah berubah ya, Nekko-chan? Cepet jadi juga sama Jujun. Aku sayang kamu!"
sadness,kapan ea masalah nya cepat klar
anger,"Btw sepanjang JL. Jakarta bahaya banget ya, banyak jalan berlubang, apakabar nih dinas PU Malang? Diem diem baee #kotamalang #savejalanraya #Malang"
happy,Baru seminggu menikah. Tapi rasanya bersyukur sudah memilih jalan yg Allah berikan ini. MasyaAllah dikasih abang yg sungguh pengertian dan mau nerima cia apa adanya. Sampai ga bisa ngebayangin kalau diganti orang lain.
happy,Rakit merakit ...JANGAN LUPA BAHAGIA... #StreetCubEastBorneo #StreetCubBalikpapan #janganlupabahagia #StreetCubKaltim #StreetCubFans #StreetCub_Bpp #StreetCub
happy,[USERNAME] Iya. Mau. September. Udah ajuin ke atasan. Jadi Agustus aku gaperlu cuti pas pulang kerumah. Ketemu kamu yang kangennnn nya udah tingkat dewa. Sediain kamar. Jangan bosan tidur berdua.
sadness,"Ikhlas yaa?? ""Iyaa buk"" jawaban itu yang keluar dari mulut kami pada saat itu. Walau samar, namun masih terdengar. Kami kembali ke kamar kami untuk kemudian diam dalam pikiran masing-masing."
happy,"waaah...rajin ya ay, pagi2 dah ke pasar... [USERNAME] mau masak apakah kiranya? heheheheee... Tuesday morning is beautiful. keep the spirit ayu.. #happy #happytuesday"
anger,"Di kasus Via Vallen ini gue kadang mikir, mreka2 penikmat dangdut, koplo panturanan dan yg smisal, yg biasa disuguhi biduan2 berpenampilan seronok dan goyangan maut. MEREKA ADA DI PIHAK MANA?? [URL]"
sadness,Pantas saja ibu dan bapak saya berat hati ketika saya minta kuliah di luar provinsi. makin lama malah rentan penyakit
anger,"[USERNAME] Sebenarnya 2 kubu sama aja. Doyan mempolitisir agama, apalagi kel. Wiro Sableng, parah. Begitulah nasib bangsa-negara yg tak melewati abad pencerahan. Ga bs move on dr agama."
sadness,"[USERNAME] :( pulang sekolah ceplokin trus mam baso 10.000 aja dah cukup, dulu mah sesimple itu.. boro2 maw ada pansos2an.. era ig jd ajang hebat2an ini lo bikin otak remaja ga sehat"
anger,"[USERNAME] [USERNAME] Oh iya bro, si mumun blok gua tuh, padahal gua gak pernah ad hominem, apalagi persekusi dia. Bila mau jadi ateis banci monolog, mnding dia ke China/ Vietnam aja. Di sana negara paling ateis di dunia yg paling kejam mbungkam agama"
sadness,"Terkadang tidak tahu kabarmu sama sekali membuat hatiku tenang. Entah bagaimana dirimu dan dengan siapa aku tak peduli. Namun, perasaan seperti itu hanya sesaat. Bisakah kau menghilang jauh dariku? Doaku saat ini aku ingin kau lenyap tak terdengar kabar apapun darimu."
anger,"baru kali ini ke [USERNAME] Gancit dan kecewa berat. Baristanya bikin minum dan rasanya berantakan. ditanya baik2 malah melengos ga jelas bikin emosi. please yg kamu jual jasa, kita ga minta dihormati tp berusahalah utk menghargai org lain."
sadness,Ini dia si pembuat sembab berpasang-pasang mata setelah melihat pertunjukkan boneka
love,"Ketika kamu beranjak remaja. Kamh mulai menuntut pada papa untuk dapat izin keluar malan, dan papa bersikap tegas dan mengatakan, ""tidak boleh!"" Tahukah kamu bahwa papa melakukan itu untuk menjagamu? Karena bagi papa, kamu adalah sesuatu yang sangat-sangat luar biasa berharga."
anger,"Saya liat bukan dari sisi agama meskipun saya muslim klo salah ya salah dan mindset saya sama rata semua agama itu, tp ini dalam sisi kemanusiaan yang tidak ada rasa kemanusiaan, laknat dan tolol"
anger,"Ga usah di aminin, doa lu ga akan mustajab. Sama kayak orang umroh dengan niat ""politik"" ga akan di qobul. Lu kira dngn kampanye sambil teriak takbir, sang Pencipta bakal ikut nyoblos #Mikir [URL]"
anger,"Nah ini, yg nunggu anak anteng dengan kesabaran seluas samudra trus bapaknya dateng2 bikin anak nangis. Hmmm kuingin marah melampiaskan"
happy,"Paling excited kalo ngobrol sama orang kreatif, siap saja kalo bakal tercengang sama ide mereka yang mungkin belum pernah terpikirkan olehmu: ""Oh iya, kenapa aku baru kepikiran?""  "
happy,"Buat berjuang, butuh sarapan yah, nah ini dia sarapan q, Indomie Goreng Telor Puyuh  Yummy bangets rasanya, Apa sarapan kamu biar kamu makin Bersemangat ngejalanin aktivitas"
anger,"Entah kenapa kalau jam segini belum bisa tidur tuh jadi keinget sama masalalu. Dimana orang2 yg menatap gua dgn wajah sinis, dingin, acuh, berasa kek gua yg paling salah. Gua sih bodoamat! Cuma, entah kenapa mau bersikap baik atau suka dengan orang2 itu GAK BISA. #DailySinthaa"
happy,"[USERNAME] Dan kadang Tuhan tuh bukan minta kita untuk menjadikan sebuah rencana itu berhasil. Tuhan cuma minta kita untuk mengusahakan keberhasilan. Once udah mengusahakan, udah accomplished tugas kita. Hehe. Semangattt mia! Abis lebaran jg ga buruk kok"
anger,Liga bangke emang ini liga indonesia alesan banyak orang dibalik layar banyak yang mementingkan kepentingan pribadi yaudah nikmati aja toh paling gaada imbasnya ke timnas kalau liga gini gini terus
anger,"Rumor seperti ini umpatan apalagi, bagi partai oposisi utk mencela citra sosok Presiden ir. H. Joko Widodo. Gk banget deh lu..."
sadness,"Ku bingung deh kenapa jadi fans itu harus menjatuhkan idola orang lain sih? Kenapa ngga damai2 aja, kek ngga ada kerjaan ngejatuh2in orang lain"
happy,Yeaaaaay i did it. Bangun pagi kulangsung running demi finishing 18k challange from #VirtualRunID #DukungBersama #AsianGames2018 #fitmom #runninggirl #runningmom #runningjourney
love,"Namanya juga udah sayang, mau disakitin kaya gimana juga tetep aja maafin. :')"
happy,"saat ini lebih ngerasa pgn manfaatin waktu sebaik-baiknya. kalau msh bisa pulang tepat waktu, ya pulang, biar bisa buka di rumah brg keluarga. kalau gaada yg dikerjain, ya mndg cepet tidur, bkn malah begadang gajelas."
fear,"[askMF] serius nanya, kucing kalo bangun jamberapa ya? Aku ngambil anak kucing di jalan trs aku umpetin di bawah kolong kursi karna takut ketauan bunda. Takutnya bsk pagi bunda bangun dan malah buang anak kucingnya"
sadness,"Begitu tersadar bahwa kita menceritakan mereka bagaikan mantan pacar, kita tertawa menggerutu bersama, sebab mereka hanyalah sebatas mantan calon pacar."
love,park woojin harus disayang dicintai diapresiasi diberi makanan enak diberi pelukan hangat diberi kopi panas atau cokelat panas terserah dia deh yang penting dia bahagia pokoknya intinya adalah park woojin harus dibuat bahagia.
sadness,"Saat lebaran aku rindu sosok wanita yg pandai sekali menyimpan rahasia, ditatanya rapi rengginang crispy didalam kaleng tanggo yg dikemas layaknya kado."
fear,"[USERNAME] nyabutnya santae aja pake jari asal jgn kena kuku. beli softlennya yg emg bagus dan jelas. dulu ku pernah beli soflen di tmn cuma yg warna22an gt biasanya item. terus lg gangapa22in ujug22 gatel perih etaunya robek :,( untung cepet22 dikeluari"
happy,"Seminar Proposal Stay positive, work hard, and make it happen  Terima kasih, teman-teman semua. Your presence is more than enough. Semangat"
love,Aa gervan sayang! Jangan lupa buat senyum yah! Biar kamu tambah ganteng terus makin buat aku jatuh cinta ehehe
happy,"Berita baik hari ini, Alhamdulillah Kim #KAI buka Instagram lagi. Karena dulu belum sempet jadi soel pas dia punya akun Amteun welcome back Mr. Ato #KaiOnInstagram [USERNAME] Also goodnite wangjanim [USERNAME]"
fear,"Tapi aku mengerti, memang akan selalu ada yang terlihat lebih baik dari apa yang dia punya. Akan selalu ada orang yang terlihat lebih menjamin banyak kebahagiaan untuk dia dapatkan. [USERNAME]"
fear,Trauma penyakit almarhum kakak gue masih sangat besar di gue. Paling gabisa ngeliat ada orang yang sakit di sekitar gue apalagi orang terdekat gue. Rasanya mau meledak.
love,"Aku menunggu comeback kalian. Aku menunggu ot9, dan sampai saat ini, nanti atau mungkin entah sampai kapanpun, insya Allah stay sama kalian  #EXOPLANET #EXO #EXO_COMINGSOON #TheElyXiOn_dot #weareoneexo [URL]"
anger,"[USERNAME] sudah bikin ""cuman buat masuk ke my indihome saya, berbeda dan tak ada tagihan nya gimana solusinya ini akun saya penceng800@gmail.com"
fear,[USERNAME] ngeri ga sih kalo keterima di ptn terus keliatan gobloknya pas kuliah....... ngeri aja.............. eh trs gitu skripsi dibikinin orang lalu cari kerja jg pake orang dalam. hm.....
sadness,"Saat kita membenci sesuatu dg berlebihan dan menghasut orang lain ikut membenci apa yg kita benci, maka kelar sudah hidup kita. Terputus tali rezeki dan bersiap kematian dg penyakit hati &amp"
anger,"Jangan pilih Jokowi, atau golput aja sekalian, nanti Pancasila yg menjadi dasar negara kita sekarang akan ikutan terganti.. Mau?? Mmmmmoh!!!"
anger,"Soal Via Vallen, Gue Sepakat Sama Nikita Mirzani jangan lebay! Kalau Gak Suka Di gituin, tinggal tolak dan block tu orang, jgn di share2 jadi konsumsi publik! Kek ingin menampilkan kepolosan tak berdosa gimana gituu.. #menurutkusih "
anger,muak saya lihat tingkah kamu lama-lama ! mirip anak-anak begitu tingkah kamu ! masa kecil suram ya
sadness,Niatnya sih tidur Terus buka twitter Eh scroll twitter sampe nggak ada habisnya Iya kaya sayang aku ke kamu Ngak ada habisnya Sayangmu ke aku.. Habislah sudah :( seperti tida pernah ada
sadness,"Terus gw inget dong tadi mampir watsons namanya cewe ya gatel liat2 mekap trs nyoba2 tester tapi yg dicoba bedak, lipstik, blush on... ya jadilah gw menor kayak badut -_- Tapi pas tadi di watsonsnya kayak biasa aja pas udh kena cahaya rumah malah jadi menor bgt kek mau mangkal"
sadness,Pulang udah H-4 lebaran dilema sekali. Seperti tidak bisa melakukan apa2 dirumah sebelum lebaran. Buka puasa bareng cuman 3 hari sama keluarga begitu juga sahur.
anger,"I swear you yang kalo ngechat ""Ko/Koh/Iko"" terus ku balas secepat kilat tapi ga dibales lagi. Kzl boleh kan yak? Yak kalo dichat gitu, pikiran dah kemana2, dapaya, penting ga nich? Terus ngilang. Kan iko sugus jadi bete"
anger,sudah berapa kali delcont2nan masak iya mau delcont2nan lagi biar tidak-saling gangu lagi mirip anak kecil saja :o
love,"Wajar gak kalo cowok nangis gara-gara nahan kangen? Soal nya gak bisa sama sekali untuk ketemu hehe. Lebay gak sih? engga dong, artinya itu sayang. nahan kangen sampe nangis jarang sih gue ketemu yang kaya gitu wkwk [URL]"
fear,"Demikian juga lidah, walaupun suatu anggota kecil dari tubuh, namun dapat memegahkan perkara-perkara yang besar. Lihatlah, betapapun kecilnya api, ia dapat membakar hutan yang besar."
anger,"Ini kenapa jadi kesannya jadi Via Vallen vs Persija sih? ? Ini Wanita vs Sexual Harassment oii. Jgn malah bikin kesannya Persija dukung sexual harassment. Simic emang ngawur dan layak dapet ganjaran, tapi gue yakin karir bolanya ngga bakal ke ganggu. Uno aja tetep jd Wagub kan?"
anger,[USERNAME] Gak bakalan. Tetap aja presiden yg mengatur. Kalau emang dukungan pribadi. Jgn ngomong di media. Apalagi beredar video dia apresiasi islam nusantara.
sadness,"Allah yg paling tahu, mana yg paling ingin taubat dg diam dan sabar. Bukan dg teriak sambil ajak orang lain utk membenarkan dirinya yg paling benar"
sadness,"Dikira sudah sampaj kampung halaman, nyatanya masih di pangumbaraan hehehehe @ Rm. Ikan Bakar Pangandaran Jl. Yos Sudarso [URL]"
happy,Lepas dari krim dokter alias krim klinik dan alhamdulilah tidak terjadi iritasi atau apapun yang tyda diinginkannn Yg penting kalo mau out pake sunscreen bep
sadness,"Bila caring,biar betul2 dengan niat ikhlas.Bukan dgn harapan org itu akn mlkkukan pkr yg sama trhdap kita.Kesudahannya,sangat menyakitkan bila seperti x diharapkan. :')"
fear,"Tapi kalo ditelisik lagi...ya anjir harus siap ini itu bebet bobot bibit apanyalah kan sulit. Lulus kuliah aje beloman,mikirin gituan...terlalu visioner bung"
anger,"[USERNAME] [USERNAME] Sudahlah, jangan saling tuding. Jangan memprovokasi orang lain untuk ribut karena sudah berlalu. Yang terlintas dipikiran yang mengaku aktivis adalah propaganda buat keributan terlebih mereka yang ada di luar kekuasaan. Tunggu"
fear,Cerita dengan A lain. Cerita dengan B lain. Cerita dgn C lain. Aku harap hubungan suami isteri tu halal lah lagi. Huhu jgn di bawa main tau cerai2 ni. Bahaya
fear,"gue waktu smp juga gini  kejadiannya pas istirahat sekolah. Krn penasaran bgt telunjuk gue staples. Pas udah nancep, gue kaya matung gitu takut. Temen gue yg liat langsung jerit2 sekelas heboh. Akhirnya sampe skrg gue trauma liat staples"
fear,"Selama ini g sedikit orang yg ngasih tau saya berobat di sana di sana, dipijet di sini di sini. Tapi saran2 tsb cm saya iyain aja. Bukannya g mau berusaha, TAKUT CUY. Orang yg mijet bukan org medis, g ngerti anatomi. Pernah akupuntur sekali, itupun sm dokter, dan udah sekali aja"
sadness,Ga tau kenapa tadi nangis cuma gara2 solat Maghrib nya telat hampir mau isya baru solat gara2 partner kerja yg istirahat duluan lama bgt istirahatt nya. Yaampun sedih bgt hati
fear,Akhirnya kita langsung pada bingung saling tatap-tatapan muka gitu. Merinding dan pastinya takut bangeeeeeettt. Akhirnya ga pikir panjang lariiiiiiii dah kita semua.
happy,"Kita berteman beda genarasi. Asiknya kita yang tua berasa jadi muda, dan mereka yg muda belajar membahas hal-hal serius dalam masa depan. Kita berteman se asik #HonorIndonesia #Honor7S meskipun kadang harus mrnghadapi sifat kekanak-kanakan mereka. [URL]"
love,"Ku rindu bisik mu di telingaku Seraya kau berkata ""semoga kelak kau menjadi anak yg berguna bagi banyak orang dan semoga kau selalu menyayangi kami orang tua mu""."
happy,"Lantunan dawai indah diri, isi gegap gempita orkestra kehidupan, berikan nada merdu pagelaran kehidupan yang ceria. Semoga kesehatan selalu isi indahnya alunan nada, ntarkan lagu sukses di panggung Kebahagiaan Kehidupan Selamat Milad Oom [USERNAME] Barakallahu fii umriik"
sadness,"Kenapa sih kalau ada pilihan gak pernah ikutin kata hati, selalu meng iyakan padahal hati gk mauu, cuma karena sungkan sama tawaran orng -.- Astaga kalau udh begini, kepikiraan"
sadness,"Benarkah ini sudah waktu pagi Hanya semilir angin bercampur embun yang kurasakan, Langit langit masih hitam dan tak membiru, cahaya mentari tak jua tiba di ufuk timur."
sadness,"Ya Allah, di timeline berderet twit dari bmkg. Gempa susulannya berlanjut sampe sekarang dan hanya berselang beberapa menit. #PrayForLombok.. stay safe"
happy,Tahun ini kayanya PD Na young suk ngasih kado ultah paling special... Karena series NJTW bakal lanjut di season ke-5 dan kalo gue ga salah ini bakal jadi comeback nya kyuhyun abis wamil. Chukae..
anger,"[USERNAME] [USERNAME] [USERNAME] Dan lebihnya speak up itu dikatain lebay, cari sensasi dsb Mereka ga mikir, kalo mau speak up itu butuh keberanian, karna sebenernya pelecehan itu aib tp kalo ga speak up itu orang jg ga bakal jera, ga ngerasa mal"
love,Semoga kau pun ikut merasakannya Menghayati dan memandang langit malam ini Agar kau lihat Ada purnama disana Ada bintang-bintang disana Yang selalu menemani dan mengawasi cinta kita Saat kita terlelap.
anger,"supir bak hilux tolol, jalanan lebar bisabisanya ngelindes kaki w. Udah gt pas kaki gua kelindes malah bukannya mundur/maju cepet cepet kok malah hah hoh hah hoh. sakit tot. bodoh dipelihara, kucing tuh dipelihara"
anger,"diatas langit masih ada langit tp bagi saya kepentingan politik luar negri hrs pragmatis mendukung kepentingan domestik bkn sekedar sentimen. Negara donor terbesar Palestina US , kmn Turki dan Arab? Kenyataan yg hrs anda pelajari"
fear,"Oh gini rasanya dipepet dan dikejar orang tengah malem gini. Lumayan bikin senam jantung. Kejar-kejaran ngebut bgt, mendadak aku pelan pas di bangjo dia nungguin dong sambil ngeliatin ke belakang mulu. Akunya nunggu lampu ijo, dia lurus aku mendadak sein kanan, amaaaaan :)))"
anger,"Aku pikir partai baru ini isinya orang-orang yang sepertinya tidak berpendidikan, utamanya pendidikan agama ........ Buat Bro [USERNAME] sebaiknya tidak usah meladeni orang-orang yang ingin cepat-cepat mendapat pop"
anger,"Puncak marah paling tinggi bukan lagi memaki. Namun ketika seseorang tidak peduli sama sekali. Bahkan saat kamu mencoba mencari perhatiannya, dia sudah tidak mau tahu sedikit pun!!!!!"
love,"Cinta itu hebat, bahkan lebih hebat dari dunia perkawinan itu. Doa adalah bagian penuturan cinta pada sebuah cita-cita yang belum kita capai."
sadness,"Apa bedanya dirimu yg selalu berdiam berlama, pergi jauh, dan mengabaikan saat permasalahan datang. Dengan pernyataan ku yg mengakhiri. #thinkifyouhavebrain"
sadness,di komix saja haha iya nih hahaha :d batuk bu aji aha uhuk :d sepi tanpa kamu :(
anger,"Kantor pusat ni gimana, pake mendata medsos kantor vertikal di bawahnya dan nyuruh follow akun medsos kanpus. Padahal di jam kerja aja kami gak bisa akses medsos via jaringan kantor. Disuruhnya buat akun medsos (fb, ig, yutub, twitter) kantor kalo blm ada."
sadness,icip2 :9 sebelahnya sate gang lele yang mahal tapi rasanya biasa saja itu bakmi gang lele
happy,"Bismillah Salam PLUR slankers/i indonesia kita bakal ketemu di Moment yang sangat dinanti - nanti oleh kita semua. . . ""JAMBORE NASIONAL SLANKERS INDONESIA BERSAMA SLANK 2018"" "
sadness,"Jika masa lalumu masih tertanam diingatanmu dan kamu terus menurus mengingatnya,lalu untuk apa aku disampingmu? Apa aku hanya untuk tempat bersandarmu sementara~"
anger,[USERNAME] Heee aku kemarin ngeliat hoak tetang pohon plastik pertama kali dr akun anda ygdisebarkan lewat fb .... ini bukan saja nol besar tp skaligus nonjok muka junjungan sdr ... terima kasih
sadness,Apa mereka enggak pernah ingat kalau nanya kabar itu juga penting? ah atau saya saja yang sedang kesepian. Itu semua normal gak ada yang salah dengan kondisi seperti itu.
anger,teman kamu yang sudah nusuk kamu dari blkang malah dialem2 seandainya mulut saya bocor sudah bertengkar kali kamu ber2 sayngnya saya gabakat ngadu2an -_-
anger,"Input absen mahasiswa ga pernah balance, kesel sendiri. Kepala, mata nyut-nyutan karen harus super teliti dan gw kudu ngulang2 lagi gara2 ga balance itu"
anger,"RI siap menaikkan harga bbm.Emang rakyat mau apa klo bbm naik.Mau beli sukur,tdk beli ya terserah.Mau demo silahkan jika ingin diciduk.Pmrintah kok dilawan. [URL]"
love,"Aku gk ngerti lagi kenapa sayang sekali sm mereka. Apalagi daehyun 6thn ngikutin mereka, mau menang atau kalah tetep care ny ke mereka"
sadness,Kalo udah tengah malem gini otak sama hati kok rasanya empty bgt. Saking emptynya sampe ngejurnaling soal kepatah hatian. Eleuh eleuh luka kok dibanggain muluk sik neng
fear,"Main artificial neural network emang ngeri2 sedap. 3 hari stressfull karena akurasi pengujian dibawah 50%. Ubah berbagai parameter masih tetep jelek. Sempat ngira bakal fail karna datanya rusak, ternyata hidden layer nya kurang banyak."
sadness,pusing guweh
love,Cepet sembuh sayang ku biar kita bisa main lagi sama mimi mimo biar kita bisa jalan jalan lagi I love you boo :* @_kngdaniel96
fear,"[askmf] guys, gua mau upload twibbon univ di instagram. tapi minder, karna univnya swasta. takut dipandang remeh dan gak layak buat dipajang diinstagram. salty-in aja gpp kok"
love,"Waktu kita ngerasa hidup udah enak, jadi agak jauh dr Allah. Allah kasih kita ujian, ngebuat kita ingat Allah lagi, pengen dekeeeet lagi. FIX keliatan Allah sayang kamu. Dia tegur saat hambaNYA mulai jauh. Walau tau dosa hambaNYA udah penuh."
happy,"Mak gregah! Lantas saya bangkit dari tempat duduk. Mematikan saluran wi-fi, dan membayar kopi. Saya tinggalkan Kajen. Beralih ke masjid Si Mbah Ronggo Kusumo, Ngemplak Kidul yang ada di belakang rumah saya. Ikut kawan, nabuh beduk."
happy,"Alhamdulillah persib menang, hati happy, tidur pun tenang. MVP malam ini adalah [USERNAME] yg ngebolehin nonton persib tanpa nge chat setelah seharian susah komunikasian gara2 kesibukan ade bedur "
sadness,"Dua belas penerjemah dan editor berkumpul dalam workshop penerjemahan buku anak. Saat Alisha dari #roomtoread bertanya ""What is translation?"", sekian detik ruangan hening. Krik ... Krik"
fear,"Baru pulang & mama said 'jgn kebanyakan mikir kamu ya mama takut, uwa tiba tiba pembuluh darah otaknya pecah sblmnya tlp ibunya kepalanya sakit' dan pas ditemuin lg kejang dikamar"
fear,cara jawab curhatan orang depresi gimana yaa aku takut omongan aku salah aku gatau musti gimana tapi kalo aku diem aja dikira ga ngasi solusi apa apaa aku bener2 gmarahti harus jawab apaa ini cuma bisa kasian dia tertekan banget
fear,"Eh asli ya gue udh nonton emang serem bgt sih aslinya tuh dia gamau ngebunuh org, dia cuman lagi jatuh cinta aja tapi sampe akhir dia gatau kalo ketidaktahuannya dia itu berubah jadi malapetaka. HOROR WOY"
anger,"Gak habis pikir, sama orang yg bener2 udah mau nikah hitungan tinggal bbrp bulan lagi tp masih tetep main belakang. Otaknya mati kali ya! Jauhkan dari laki-laki kyk gitu Ya Allah"
fear,"Gw jadi nyebayangin orang yg bangunin sahur dimasjid keceplosan "" Shooower..shower ,,shower bapak-bapak ibuk-ibuk..... ""  [URL]"
happy,Wkwkw kalo nanya ke aku sih tak jawab santai. Tapi dengan tidak mengeluarkan komentar/pertanyaan begini dunia akan lebih indah
anger,[USERNAME] saya kecewa dengan akulaku.. udah 4 hari daftar tapi gak di acc.. kata CS suruh pake nomor baru.. masih aja gak di acc.. hari ini saya ganti 3kali nomor masih aja gak di acc.. apakah udah di tutup untuk nasabah baru??
happy,"Lg sibuk ngedit konten di ruang tunggu tapi kok sekumpulan nenek"" didepan sy seru banget yah. Mereka lg ghibah ternyata. Hal ini menunjukkan bahwa kapanpun dan dimanapun, ghibah itu asik "
fear,"Honestly, penumpang2 kapal manapun, selalu nakutin buat aku. Bahkan penumpang kapal yg di dp-ku. Paling takut sama penumpang kapal itu sih, makanya aku ogah main ke tag sana, ehe. Horror."
sadness,"Kalo dia gak perduli, kenapa kita harus memperhatikannya ? Kalo dia tak mau dengar, kenapa kita harus bicara kepadanya ? Kalo dia memutuskan untuk pergi, kenapa kita harus bertahan mengikutinya ? Tak perlu mencari jawabannya karna kamu hanya perlu menghilangkan ""kalo, kenapa, ?"""
love,"Selamat sore, aa gervan! Jangan lupa makan sore yah sayang! Jangan sampe kecapean juga kamu. Aku sayang kamu :*"
fear," berdesakan..bejubelan, di kRL adalah salah satu godaan dalam berpuasa.....apalagi d dpn nya ada wanita cantik sambil ngunyah tahu gejrot...hehe.."
anger,"Beginilah Manusia Yg Berwatak ""Setan"" .. Dia Anggap dirinya ""Tuhan"" dan Paling Benar dalam Menjalankan Agama."
happy,"menyembuhkan sakit tidak mesti pake obat ya kek gini, lagi flu bersin demam order es krim tengah malam. Kalo anak kampus bilang ini sih BM terpenuhi"
fear,"Kemarenan takut melawan monster - monster di kantor baru. Tapi ternyata ada yang lebih menakutkan dari mereka dan paling susah untuk dilawan, adalah ketakutan diri sendiri untuk mencoba."
happy,"Banyak yg bilang "" kmu itu udah jdi guru jiwa keibuan lelaki mana yg gag mau coba ya meskipun materimu gag seberapa tp banyak yg kagum "" tersenyum dan billang allhmdulillah ternyata dekat dengan banyak anak kecil dapat berpengaruh positif dalam diri kita [URL]"
anger,[USERNAME] [USERNAME] malam ini kok sinyal koneksi internya jelek sekali ya? Notif si mifi berwarna merah terus??? Adapakah? #nanyaserius #maukerja
sadness,"Orang lain kalau pake ponco itu buat jas hujan, nah dia pake buat kasur. Ya tadi gara2 saking gak punya apa2. Mamak bilang, kami tuh di awal pernikan gak ada ngalamin bulan madu kayak skrg2. Org tidur nya aja pake ponco. Gimane mau bulan madu."
happy,"Karena mereka juga bahagia,karena kebahagiaan terdapat ditengah' keluarga"
love,"[USERNAME] huhu gemesssss bangeeeettt. sesayang ini gue sama mereka astagaaaaaahhh. ga ngerti ini gueeeee, belom ada pengumuman pasti kapan liburnya HUHUHU"
happy,"Aku habis nonton #AQuietPlace dan seru. Heningnya bikin ketegangan meningkat. Bahkan di beberapa momen aku sampe tutup mulut dan gak bersuara. Endingnya Bodoamat yaa udah pada ke #Hereditary gw masih di sini wk. Oya, saran nih mbake, bikin rumah deket aer teejun wae lah"
anger,"Pembukaan tidak pernah di AMANDEMEN CEBONG BUSUK ATAS BERKAT RAHMAT ALLAH YANG MAHA KUASA... LO BACA PEMBUKAAN UUD1945, DISITU SEMUA DASAR NEGARA R.I BONG20O MEMANG BONGAK"
love,"HAPPY MENSIVE KALIANNN! LANGGENG TERUS YAA, JANGAN SUKA BERANTEM , KLOP TERUS WKWK , MAKIN SALING CINTA , MAKIN SALING SAYANG I LOVE YOU"
happy,"[USERNAME] Pagi juga mas nyaa, duhh jadi gaenak dapet ucapan met pagi dari netijen twitter. Wkwk btw dari kejauhan brp km nih? Alias darimana kota tempat tinggalmu? Wkwk"
happy,Dalane alus ..lancar trimaksih bpk [USERNAME] semoga sehat selalu utk membangun bangsa #touringertigamania #ermanjatim #halalbihalal2018
anger,"sudah ribuan penelitian anak bangsa terkait penanggulangan sampah, tapi sangat jarang diterapkan, bagi-bagi proyek jangan terlalu serakahlah, baiknya masa depan kan untuk anak, cucu dan kemanakan kita juga [URL]"
anger,"Ada ig, minta line. Dikasih line minta wa. Kenapa ga sekalian aja minta playstorenya? Biar udh satu paket ada ig wa line mobile legend juga ada."
happy,"Jadi inget wktu kecil. pas awal belajar sepeda, awalnya dipegangin dari belakang eh perlahan akhirnya dilepas dan bisa mengayuh sepeda sendiri. bisa sendiri sampe detik ini hehe"
anger,"lebay bgt sih masalah kygt doang sholat lo makanya makanya cerita, terbuka ama orang Y njing. kl solusinya kekgitu doang mah gaperlu dikasitau"
fear,"Sama kaaak..pas liat ibu bumn auranya agak bedaa jd takut ke depannya gmn, semoga yg jahat segera lenyap dan banyak muncul tokoh2 yg bener2 berjuang buat negara"
happy,[USERNAME] [USERNAME] [USERNAME] Gue ke lampung ki..wheeewww nadia sudah mau sidang ajee selamaad yaa..apa kabar kaka satria??udahan blom??
anger,"Menjelang lebaran, ahass honda belum mengadakan diskon sparepart atau service untuk mudik. Ganti rantai malah naik ke 189. Ingin berkata bgsd rasanya"
love,"Kalo udah sayang beneran itu mau dihadapkan sama cowok yang lebih tajir +++, ganteng +++, pinter +++, serba +++, dll itu pasti bakalan tetep ga mau berpindah"
sadness,"Ya kalo ngerasa ngumpul nya kurang kan bisa ngumpul tempat lain, misalnya dirumah siapa gitu. Biar lebih leluasa. Ya cuma kalo bukber di rumah orang kan gak enak juga, apalagi yg dateng 20 orang lebih huhuhh Jadi yg mau pulang ya bisa pulang."
anger,temen : kuliah dimana cik? me : binus. temen : jurusan apa? me : psychology temen : bisa baca sifat gue dong? coba dong baca gue orgnya gmn EH NYET. NIH YA KL GUE BISA BACA SIFAT ORANG MAH GABAKALAN GUE GAGAL DALAM PERCINTAAN MULUS PASTI HIDUP GUE TANPA ADANYA FAKEFRENDZZ
fear,"[USERNAME] huhu iyaaa ini mikir keras banget dan ku jg ga dapet hasil yg sreg di bab 4 tuh, mana jum'at tuh uprak studi islam dari pagi, bisa bisaaa :"""
fear,Masih degdegan gemeter hati ga tenang ngantuk udah ilang selera makan juga ilang gimana besok ya ALLAH  Takutt banget kalo aku sampek ga bisa lanjut aku harus ngapain ?
fear,"Kemudian bayangkan ada sesuatu yang berdiri di sana, mengamatimu. Jelas ritual itulah yang membawa makhluk itu ke sini, namun aku sama sekali tak mengerti apa yang terjadi saat itu. Pikiranku terlalu dipenuhi oleh rasa bingung dan takut."
anger,Greget.......perasaan lama amat....apa emg guenya yg gasabaran..... tpnya geh yah...huhu gabisa sabar...apa emg blm di update sm shoppe..... [USERNAME]
anger,"kaum kampret tetep mikirnya kebalik seperti kampret dipohon, mana ada WTP buat 2018? Yg ada WTP 2017, GOBLOG kok ditunjukin."
anger,"Oh ini to, oh cuman segini saja to kamu. Kami mendukung [USERNAME] RI. Bukan kpk kw, itu tuh yg di merdeka selatan, yg ada tapi kayak kaga ada. [URL]"
anger,Ganti presiden? Siapa takut...hanya siapa calonnya? Apa si doi yg onoh? Ih gak syudih
happy,"Lintasan Waktu - Danilla (2017) Nci panutanq keliatan true colornya disini, tp gue suka banget. Kayaknya rada2 keinspirasi sama Mac DeMarco lagu2nya, dan emg enak banget. Ga heran kmrn jadi nominee ICA tp sayang saingannya album2 pop :) w suka Entah Ingin Kemana, Laguland, AAA [URL]"
happy,"[USERNAME] sudah pakai perasaan sekali kita ngmng nya . cmn bnrn caesar sm connor yg ok, DiDi sm darren its not bad lah . untung demen sm yang pda nyanyi"
happy,Baiklah sembari menikmati hidangan yang sudah diberikan selanjutnya ada performance dari oppa2 ganteng nih ayo beri tepuk tangannya yang meriah
anger,"Suatu saat akan terjadi.... jika tdk ada tindakan dari aparat, terpaksa harus dilakukan tendangan bebas  [USERNAME] [USERNAME] [USERNAME]"
happy,"Kagak sih, kan tiap kali ku ada tugas atau ujian yangbeb selalu ada... Soalny kalo ga ada siapa yg bisa ditanya2.. dia mah kayak wikipedia berjalan, semua-mua tau.. aku mah apa atuh "
anger,"Pengajian yg ustadznya provokator dan mulut jamban, wajib dibubarkan."
happy,"alasan utamanya karena aku pengen 'mereka' jadi kado sweet 17th aku nanti. itu udh lebih dr cukup buat aku. selain itu, aku jg pengen ketemu mereka sblm mereka pulang ke rumah masing-masing"
fear,"Lisa, semoga aja kamu ga denger berita ini ya, kalopun mendengar udah cukup kamu tau aja dan jangan sampai kamu ketemu yanglek, bahkan ngeliat sedikit pun jangan. Itu bakalan serem banget."
sadness,"Sadarkah kamu kalau hati papa merasa cemburu? Saat kamu mulai lebih dipercaya, dan papa melonggarkan sedikit peraturan untuk keluar rumah, kamu akan memaksa untum melanggar jam malamnya."
love,"Jika itu sebuah cinta, ia akan menerima semua kelebihan, bahkan kekurangan pun akan dianggap sebuah keindahan bukan sebuah alasan untuk meninggalkannya"
anger,[USERNAME] mana min jwban dari permasalahan sinyal di area pondok kelapa jaktim sdhkah ada jwban/saya harus gnti kartu.karna device sy 22ny pakai kartu 3
sadness,"Pada saat itu aku mungkin berpikir bahwa kami semua sudah ikhlas. Namun sekarang aku sadar, bahwa pada saat itu kami sama sekali belum ikhlas."
